AT1G01050	locus:2200965	PPa1	pyrophosphorylase 1	2002	Chr1	31170	33171	A. thaliana	pyrophosphorylase 1;(source:Araport11)	Encodes a soluble protein with inorganic pyrophosphatase activity that is highly specific for Mg-inorganic pyrophosphate.	pyrophosphorylase 1	AtPPa1, PPa1
AT1G01580	locus:2025351	FRO2	ferric reduction oxidase 2	4088	Chr1	208995	213082	A. thaliana	ferric reduction oxidase 2;(source:Araport11)	Encodes the low-iron-inducible ferric chelate reductase responsible for reduction of iron at the root surface.  It is likely to be the major Fe(III) chelate reductase in Arabidopsis iron metabolism.  Coordinately regulated with IRT1, the major transporter responsible for high-affinity iron uptake from the soil, at both transcriptional and posttranscriptional levels. Steady state mRNA levels are regulated by several metals.  Its transcription is regulated by FIT1.	ferric reduction oxidase 2	ATFRO2, FRD1, FRO2
AT1G01760	locus:2198185	AT1G01760	""	2334	Chr1	276266	278599	A. thaliana	denosine deaminases acting on tRNA;(source:Araport11)	""	adenosine deaminases;RNA binding;RNA binding;adenosine deaminases	AtTAD1, TAD1
AT1G01880	locus:2025447	AT1G01880	""	3075	Chr1	306467	309541	A. thaliana	5-3 exonuclease family protein;(source:Araport11)	Encodes one of two GEN1 homologs in Arabidopsis.  It is a member of the class IV Rad2/XPG family of nucleases that processes Holliday junctions in a manner analogous to the HJ resolvases of phages, archaea, and bacteria.	5'-3' exonuclease family protein	AtGEN1, GEN1
AT1G02190	locus:2204813	AT1G02190	""	2954	Chr1	415074	418027	A. thaliana	Fatty acid hydroxylase superfamily;(source:Araport11)	""	Fatty acid hydroxylase superfamily	CER1-L1
AT1G02520	locus:2196145	ABCB11	ATP-binding cassette B11	5534	Chr1	523536	529069	A. thaliana	P-glycoprotein 11;(source:Araport11)	Encodes an ATP-binding cassette (ABC) transporter.  Expressed in the vascular tissue of primary stem. The mRNA is cell-to-cell mobile.	P-glycoprotein 11	ABCB11, MDR8, PGP11
AT1G03090	locus:2007559	MCCA	""	4641	Chr1	739544	744184	A. thaliana	methylcrotonyl-CoA carboxylase alpha chain;(source:Araport11)	MCCA is the biotinylated subunit of the dimer MCCase, which is involved in leucine degradation. Both subunits are nuclear coded and the active enzyme is located in the mitochondrion.	methylcrotonyl-CoA carboxylase alpha chain, mitochondrial / 3-methylcrotonyl-CoA carboxylase 1 (MCCA)	MCCA
AT1G03890	locus:2024219	AT1G03890	""	1823	Chr1	989198	991020	A. thaliana	RmlC-like cupins superfamily protein;(source:Araport11)	""	RmlC-like cupins superfamily protein	""
AT1G04160	locus:2020270	XIB	myosin XI B	10341	Chr1	1086170	1096510	A. thaliana	myosin XI B;(source:Araport11)	Encodes a member of the type XI myosin protein family involved in root hair elongation.	myosin XI B	ATXIB, XI-8, XI-B, XIB
AT1G04390	locus:2018264	AT1G04390	""	4395	Chr1	1179310	1183704	A. thaliana	BTB/POZ domain-containing protein;(source:Araport11)	""	BTB/POZ domain-containing protein	""
AT1G04410	locus:2018244	c-NAD-MDH1	cytosolic-NAD-dependent malate dehydrogenase 1	2464	Chr1	1188995	1191458	A. thaliana	Lactate/malate dehydrogenase family protein;(source:Araport11)	predicted to encode a cytosolic malate dehydrogenase.	Lactate/malate dehydrogenase family protein	c-NAD-MDH1
AT1G05460	locus:2200996	SDE3	SILENCING DEFECTIVE	3887	Chr1	1601148	1605034	A. thaliana	P-loop containing nucleoside triphosphate hydrolases superfamily protein;(source:Araport11)	Encodes a protein with similarity to RNA helicases. Mutants are defective in post-transcriptional gene silencing.	P-loop containing nucleoside triphosphate hydrolases superfamily protein	SDE3
AT1G05790	locus:2198713	AT1G05790	""	4782	Chr1	1732802	1737583	A. thaliana	lipase class 3 family protein;(source:Araport11)	""	lipase class 3 family protein	""
AT1G06180	locus:2038520	MYB13	myb domain protein 13	1915	Chr1	1889362	1891276	A. thaliana	myb domain protein 13;(source:Araport11)	member of MYB3R- and R2R3- type MYB- encoding genes	myb domain protein 13	ATMYB13, ATMYBLFGN, MYB13
AT1G06620	locus:2009130	AT1G06620	""	1870	Chr1	2025544	2027413	A. thaliana	2-oxoglutarate (2OG) and Fe(II)-dependent oxygenase superfamily protein;(source:Araport11)	encodes a protein whose sequence is similar to a 2-oxoglutarate-dependent dioxygenase The mRNA is cell-to-cell mobile.	2-oxoglutarate (2OG) and Fe(II)-dependent oxygenase superfamily protein	""
AT1G07570	locus:2024962	APK1A	""	2632	Chr1	2331136	2333767	A. thaliana	Protein kinase superfamily protein;(source:Araport11)	Protein kinase capable of phosphorylating tyrosine, serine, and threonine residues	Protein kinase superfamily protein	APK1, APK1A, PBL9
AT1G08730	locus:2025535	XIC	""	9040	Chr1	2779438	2788477	A. thaliana	Myosin family protein with Dil domain-containing protein;(source:Araport11)	Encodes a class XI myosin that is involved in organelle motility, actin organization, and optimal growth of pollen tubes.	Myosin family protein with Dil domain	ATXIC, XIC
AT1G08910	locus:2035999	AT1G08910	""	5009	Chr1	2856162	2861170	A. thaliana	zinc ion binding protein;(source:Araport11)	Encodes an SP-RING domain containing protein that functions in sumolaytion and is involved in positive regulation of sulfur metabolism and stress response.	zinc ion binding;zinc ion binding	PIAL1
AT1G09080	locus:2035994	BIP3	binding protein 3	2634	Chr1	2929217	2931850	A. thaliana	Heat shock protein 70 (Hsp 70) family protein;(source:Araport11)	""	Heat shock protein 70 (Hsp 70) family protein	BIP3
AT1G09140	locus:2195346	SR30	Serine/Arginine-Rich Protein Splicing Factor 30	3439	Chr1	2942538	2945976	A. thaliana	SERINE-ARGININE PROTEIN 30;(source:Araport11)	Encodes a serine-arginine rich RNA binding protein involved in regulation of splicing (including splicing of itself). Exists as 3 alternative spliced forms that are differentially expressed. AT1G09140.1 predominantly accumulates in the cytosol in light grown plants.Barta et al (2010) have proposed a nomenclature for Serine/Arginine-Rich Protein Splicing Factors (SR proteins): Plant Cell. 2010, 22:2926.	SERINE-ARGININE PROTEIN 30	At-SR30, ATSRP30, SR30
AT1G09890	locus:2024427	AT1G09890	""	3555	Chr1	3214049	3217603	A. thaliana	Rhamnogalacturonate lyase family protein;(source:Araport11)	""	Rhamnogalacturonate lyase family protein	""
AT1G10370	locus:2012773	ERD9	EARLY-RESPONSIVE TO DEHYDRATION 9	1476	Chr1	3396883	3398358	A. thaliana	Glutathione S-transferase family protein;(source:Araport11)	Encodes GSTU17 (Glutathione S-Transferase U17). Functions as a negative component of stress-mediated signal transduction pathways in drought and salt stress responses.	Glutathione S-transferase family protein	ATGSTU17, ERD9, GST30, GST30B, GSTU17
AT1G11410	locus:2200136	AT1G11410	""	3603	Chr1	3840877	3844479	A. thaliana	S-locus lectin protein kinase family protein;(source:Araport11)	""	S-locus lectin protein kinase family protein	""
AT1G13770	locus:2023885	RUS3	ROOT UV-B SENSITIVE 3	2947	Chr1	4721574	4724520	A. thaliana	root UVB sensitive protein (Protein of unknown function, DUF647);(source:Araport11)	""	Protein of unknown function, DUF647	RUS3
AT1G16290	locus:2032925	AT1G16290	""	3206	Chr1	5570753	5573958	A. thaliana	transglycosylase;(source:Araport11)	""	""	""
AT1G16390	locus:2032825	OCT3	organic cation/carnitine transporter 3	1985	Chr1	5602786	5604770	A. thaliana	organic cation/carnitine transporter 3;(source:Araport11)	""	organic cation/carnitine transporter 3	ATOCT3, OCT3
AT1G16480	locus:2032840	AT1G16480	""	3315	Chr1	5625699	5629013	A. thaliana	Tetratricopeptide repeat (TPR)-like superfamily protein;(source:Araport11)	""	Tetratricopeptide repeat (TPR)-like superfamily protein	""
AT1G17230	locus:2020417	AT1G17230	""	4526	Chr1	5890616	5895141	A. thaliana	Leucine-rich receptor-like protein kinase family protein;(source:Araport11)	""	Leucine-rich receptor-like protein kinase family protein	""
AT1G17500	locus:2007858	AT1G17500	""	5696	Chr1	6017808	6023503	A. thaliana	ATPase E1-E2 type family protein / haloacid dehalogenase-like hydrolase family protein;(source:Araport11)	ATPase E1-E2 type family protein / haloacid dehalogenase-like hydrolase family protein. ALA4 acts    redundantly with ALA3, ALA5, ALA9, ALA10 and ALA11 in root and shoot development	ATPase E1-E2 type family protein / haloacid dehalogenase-like hydrolase family protein	ALA4
AT1G17780	locus:2030978	AT1G17780	""	1773	Chr1	6123567	6125339	A. thaliana	transmembrane protein;(source:Araport11)	ATG8A/F interacting protein containing a WxxL LIR motif at the C terminus which is essential for interaction with ATG8. Stress (abiotic or biotic) results in the formation of ATG8- and ATI3-labeled punctate structures, likely reflecting increased formation of ATG8-labeled phagophores or autophagosomes. ATI3 proteins probably act as selective autophagy receptors that target specific cellular components during the plant stress response. ATI3 proteins are delivered to the vacuole under ER stress in an autophagy-dependent manner.	""	ATI3A
AT1G17860	locus:2030923	AT1G17860	""	861	Chr1	6149178	6150038	A. thaliana	Kunitz family trypsin and protease inhibitor protein;(source:Araport11)	Member of Kunitz trypsin inhibitor (KTI) family involved in plant defense response against spider mites.	Kunitz family trypsin and protease inhibitor protein	AtKTI5
AT1G17980	locus:2030943	PAPS1	poly(A) polymerase 1	4244	Chr1	6187465	6191708	A. thaliana	poly(A) polymerase 1;(source:Araport11)	Encodes a poly(A) polymerase. Located in the nucleus.  It limits founder-cell recruitment to organ primordia and suppresses the salicylic acid-independent immune response downstream of EDS1/PAD4.	poly(A) polymerase 1	PAPS1
AT1G18270	locus:2014094	AT1G18270	""	10624	Chr1	6283370	6293993	A. thaliana	ketose-bisphosphate aldolase class-II family protein;(source:Araport11)	""	ketose-bisphosphate aldolase class-II family protein	""
AT1G19100	locus:2011226	DMS11	DEFECTIVE IN MERISTEM SILENCING 11	6473	Chr1	6594883	6601355	A. thaliana	Histidine kinase-, DNA gyrase B-, and HSP90-like ATPase family protein;(source:Araport11)	Encodes a member of the conserved Microrchidia (MORC) adenosine triphosphatase (ATPase) family, predicted to catalyze alterations in chromosome superstructure. Required for heterochromatin condensation and gene silencing.	Histidine kinase-, DNA gyrase B-, and HSP90-like ATPase family protein	AtMORC6, DMS11, MORC6
AT1G19340	locus:2016462	AT1G19340	""	2650	Chr1	6684467	6687116	A. thaliana	Methyltransferase MT-A70 family protein;(source:Araport11)	""	Methyltransferase MT-A70 family protein	""
AT1G20230	locus:2198546	AT1G20230	""	2540	Chr1	7009568	7012107	A. thaliana	Pentatricopeptide repeat (PPR) superfamily protein;(source:Araport11)	""	Pentatricopeptide repeat (PPR) superfamily protein	""
AT1G20960	locus:2037375	emb1507	embryo defective 1507	8673	Chr1	7301599	7310271	A. thaliana	U5 small nuclear ribonucleoprotein helicase;(source:Araport11)	Similar to DEAD/DExH box ATP-dependent RNA helicase . Required for proper splicing of FLC. Mutants have reduced FLC levels and are early flowering.	U5 small nuclear ribonucleoprotein helicase, putative	BRR2, BRR2a, emb1507
AT1G21840	locus:2036997	UREF	urease accessory protein F	1381	Chr1	7666414	7667794	A. thaliana	urease accessory protein F;(source:Araport11)	Encodes a urease accessory protein which is essential for the activation of plant urease.	urease accessory protein F	UREF
AT1G22310	locus:2196526	MBD8	methyl-CPG-binding domain 8	2322	Chr1	7881503	7883824	A. thaliana	methyl-CPG-binding domain 8;(source:Araport11)	Protein containing methyl-CpG-binding domain.Has sequence similarity to human MBD proteins.	methyl-CPG-binding domain 8	ATMBD8, MBD8
AT1G22700	locus:2199639	AT1G22700	""	1979	Chr1	8028158	8030136	A. thaliana	Tetratricopeptide repeat (TPR)-like superfamily protein;(source:Araport11)	Encodes a TPR protein with homology to Ycf37 from Synechocystis that is localized to the thylakoid membrane and is involved in photosystem I biogenesis.	Tetratricopeptide repeat (TPR)-like superfamily protein	PYG7
AT1G23070	locus:2201235	AT1G23070	""	1997	Chr1	8173823	8175819	A. thaliana	organic solute transporter ostalpha protein (DUF300);(source:Araport11)	""	Protein of unknown function (DUF300)	""
AT1G23730	locus:2034797	BCA3	beta carbonic anhydrase 3	2922	Chr1	8395466	8398387	A. thaliana	beta carbonic anhydrase 3;(source:Araport11)	""	beta carbonic anhydrase 3	ATBCA3, BCA3
AT1G23830	locus:2034908	AT1G23830	""	1129	Chr1	8422960	8424088	A. thaliana	transmembrane protein;(source:Araport11)	""	""	""
AT1G23995	""	AT1G23995	""	300	Chr1	8487048	8487347	A. thaliana	transcription factor;(source:Araport11)	""	""	""
AT1G24090	locus:2032407	AT1G24090	""	2751	Chr1	8520443	8523193	A. thaliana	RNase H family protein;(source:Araport11)	""	RNase H family protein	RNH1C
AT1G25375	locus:505006146	AT1G25375	""	3319	Chr1	8900110	8903428	A. thaliana	Metallo-hydrolase/oxidoreductase superfamily protein;(source:Araport11)	""	Metallo-hydrolase/oxidoreductase superfamily protein	""
AT1G26880	locus:2202770	AT1G26880	""	2973	Chr1	9315305	9318277	A. thaliana	Ribosomal protein L34e superfamily protein;(source:Araport11)	""	Ribosomal protein L34e superfamily protein	""
AT1G27330	locus:2015969	AT1G27330	""	1534	Chr1	9492849	9494382	A. thaliana	Ribosome associated membrane protein RAMP4;(source:Araport11)	""	Ribosome associated membrane protein RAMP4	""
AT1G28140	locus:2010499	AT1G28140	""	2635	Chr1	9831876	9834510	A. thaliana	integral membrane family protein;(source:Araport11)	""	""	""
AT1G31130	locus:2029529	AT1G31130	""	1503	Chr1	11114693	11116195	A. thaliana	polyadenylate-binding protein 1-B-binding protein;(source:Araport11)	""	""	""
AT1G31710	locus:2028606	AT1G31710	""	5891	Chr1	11349697	11355587	A. thaliana	Copper amine oxidase family protein;(source:Araport11)	""	Copper amine oxidase family protein	CuAO&#945;3
AT1G32415	locus:505006163	AT1G32415	""	2369	Chr1	11695596	11697964	A. thaliana	pentatricopeptide (PPR) repeat-containing protein;(source:Araport11)	""	pentatricopeptide (PPR) repeat-containing protein	RRD2
AT1G32940	locus:2037895	SBT3.5	""	3934	Chr1	11937183	11941116	A. thaliana	Subtilase family protein;(source:Araport11)	""	Subtilase family protein	AtSBT3.5, SBT3.5
AT1G33360	locus:2006942	AT1G33360	""	4707	Chr1	12091780	12096486	A. thaliana	ATP-dependent Clp protease;(source:Araport11)	Encodes ClpX3, a subunit of the Clp protease complex.	ATP-dependent Clp protease	""
AT1G33500	locus:2007028	AT1G33500	""	2403	Chr1	12152519	12154921	A. thaliana	tropomyosin;(source:Araport11)	""	""	""
AT1G34040	locus:2009056	AT1G34040	""	2109	Chr1	12374259	12376367	A. thaliana	Pyridoxal phosphate (PLP)-dependent transferases superfamily protein;(source:Araport11)	""	Pyridoxal phosphate (PLP)-dependent transferases superfamily protein	AtTAR3, TAR3
AT1G34070	locus:2009016	AT1G34070	""	927	Chr1	12402283	12403209	A. thaliana	Copia-like polyprotein/retrotransposon;(source:Araport11)	""	""	""
AT1G48310	locus:2007775	CHR18	chromatin remodeling factor18	5495	Chr1	17848421	17853915	A. thaliana	chromatin remodeling factor18;(source:Araport11)	""	chromatin remodeling factor18	CHA18, CHR18
AT1G48910	locus:2028558	YUC10	YUCCA 10	2198	Chr1	18091681	18093878	A. thaliana	Flavin-containing monooxygenase family protein;(source:Araport11)	A paternally expressed imprinted gene.	Flavin-containing monooxygenase family protein	YUC10
AT1G49180	locus:2028496	AT1G49180	""	2876	Chr1	18184654	18187529	A. thaliana	protein kinase family protein;(source:Araport11)	""	protein kinase family protein	""
AT1G50170	locus:2011987	SIRB	sirohydrochlorin ferrochelatase B	1835	Chr1	18581998	18583832	A. thaliana	sirohydrochlorin ferrochelatase B;(source:Araport11)	encodes sirohydrochlorin ferrochelatase catalyzing the last step of the siroheme biosynthesis	sirohydrochlorin ferrochelatase B	ATSIRB, SIRB
AT1G50310	locus:2011957	STP9	sugar transporter 9	2495	Chr1	18635955	18638449	A. thaliana	sugar transporter 9;(source:Araport11)	Sucrose transporter, expressed in pollen tubes.	sugar transporter 9	ATSTP9, STP9
AT1G52290	locus:2018209	PERK15	proline-rich extensin-like receptor kinase 15	2763	Chr1	19469820	19472582	A. thaliana	Protein kinase superfamily protein;(source:Araport11)	Encodes a member of the proline-rich extensin-like receptor kinase (PERK) family.  This family consists of 15 predicted receptor kinases (PMID: 15653807).	Protein kinase superfamily protein	AtPERK15, PERK15
AT1G52820	locus:2011506	AT1G52820	""	1423	Chr1	19669005	19670427	A. thaliana	2-oxoglutarate (2OG) and Fe(II)-dependent oxygenase superfamily protein;(source:Araport11)	""	2-oxoglutarate (2OG) and Fe(II)-dependent oxygenase superfamily protein	""
AT1G53440	locus:2203718	AT1G53440	""	5694	Chr1	19945869	19951562	A. thaliana	Leucine-rich repeat transmembrane protein kinase;(source:Araport11)	""	Leucine-rich repeat transmembrane protein kinase	""
AT1G54150	locus:2014405	SPL2	SP1-like 2	2095	Chr1	20215395	20217489	A. thaliana	E3 Ubiquitin ligase family protein;(source:Araport11)	Encodes a chloroplast-localized putative RING-type ubiquitin E3 ligase.	E3 Ubiquitin ligase family protein	SPL2
AT1G61040	locus:2205996	VIP5	vernalization independence 5	2866	Chr1	22483104	22485969	A. thaliana	plus-3 domain-containing protein;(source:Araport11)	Encodes a yeast Paf1C subunit homolog required for the expression of the MADS box gene FLC and other members of the FLC/MAF MADS-box gene family. Member of PAF-C complex.	plus-3 domain-containing protein	VIP5
AT1G63110	locus:2015183	AT1G63110	""	3432	Chr1	23404688	23408119	A. thaliana	GPI transamidase subunit PIG-U;(source:Araport11)	""	GPI transamidase subunit PIG-U	""
AT1G63370	locus:2031336	AT1G63370	""	2553	Chr1	23503115	23505667	A. thaliana	Flavin-binding monooxygenase family protein;(source:Araport11)	""	Flavin-binding monooxygenase family protein	""
AT1G63990	locus:2024598	SPO11-2	sporulation 11-2	2544	Chr1	23742842	23745385	A. thaliana	sporulation 11-2;(source:Araport11)	Encodes AtSPO11-2, one of the three Arabidopsis homologues of the archaeal DNA topoisomerase VIA subunit (topo VIA).  Required for meiotic recombination.  Plants homozygous for atspo11-2 exhibit a severe sterility phenotype.  Both male and female meiosis are severely disrupted in the atspo11-2 mutant, and this is associated with severe defects in synapsis during the first meiotic division and reduced meiotic recombination.  AtSPO11-1 and AtSPO11-2 have overlapping functions (i.e. both required for meiotic recombination) whereas AtSPO11-3 functions in DNA replication. Required for double-strand break induction.	sporulation 11-2	SPO11-2
AT1G64160	locus:2024593	DIR5	dirigent protein 5	897	Chr1	23813943	23814839	A. thaliana	Disease resistance-responsive (dirigent-like protein) family protein;(source:Araport11)	Encodes a dirigent protein involved in the synthesis of (-)pinoresinol.   Dirigent proteins impart stereoselectivity on the phenoxy radical coupling reaction yielding optically active lignans from two molecules of coniferyl alcohol.	Disease resistance-responsive (dirigent-like protein) family protein	AtDIR5, DIR5
AT1G64340	locus:2014225	AT1G64340	""	3008	Chr1	23878066	23881073	A. thaliana	Serine/Threonine-kinase;(source:Araport11)	""	""	""
AT1G65610	locus:2034158	KOR2	KORRIGAN 2	3832	Chr1	24391672	24395503	A. thaliana	Six-hairpin glycosidases superfamily protein;(source:Araport11)	""	Six-hairpin glycosidases superfamily protein	ATGH9A2, AtKOR2, KOR2
AT1G65630	locus:2018476	DEG3	degradation of periplasmic proteins 3	2608	Chr1	24406461	24409068	A. thaliana	DegP protease 3;(source:Araport11)	Encodes a putative DegP protease.	DegP protease 3	DEG3, DegP3
AT1G65680	locus:2018521	EXPB2	expansin B2	1408	Chr1	24427266	24428673	A. thaliana	expansin B2;(source:Araport11)	member of BETA-EXPANSINS. Naming convention from the Expansin Working Group (Kende et al, 2004. Plant Mol Bio)	expansin B2	ATEXPB2, ATHEXP BETA 1.4, EXPB2
AT1G66980	locus:2019708	SNC4	suppressor of npr1-1 constitutive 4	5017	Chr1	24997223	25002239	A. thaliana	suppressor of npr1-1 constitutive 4;(source:Araport11)	Encodes SNC4 (suppressor of npr1-1, constitutive 4), an atypical receptor-like kinase with two predicted extracellular glycerophosphoryl diester phosphodiesterase domains.	suppressor of npr1-1 constitutive 4	GDPDL2, SNC4
AT1G67500	locus:2008783	REV3	recovery protein 3	9633	Chr1	25287356	25296988	A. thaliana	recovery protein 3;(source:Araport11)	Encodes the catalytic subunit of DNA polymerase zeta.Mutants are sensitive to UV-B radiation. Gene is involved in damage-tolerance mechanisms through translesion synthesis(TLS).	recovery protein 3	ATREV3, REV3
AT1G68710	locus:2026900	AT1G68710	""	5855	Chr1	25793207	25799061	A. thaliana	ATPase E1-E2 type family protein / haloacid dehalogenase-like hydrolase family protein;(source:Araport11)	""	ATPase E1-E2 type family protein / haloacid dehalogenase-like hydrolase family protein	ALA9
AT1G69190	locus:2026471	AT1G69190	""	2007	Chr1	26013012	26015018	A. thaliana	Dihydropterin pyrophosphokinase / Dihydropteroate synthase;(source:Araport11)	encodes a bifunctional cytosolic hydroxymethyldihydropterin pyrophosphokinase/ dihydropteroate synthase (HPPK/DHPS)that is involved in tetrahydrofolate biosynthesis and is responsive to oxidative stress.	Dihydropterin pyrophosphokinase / Dihydropteroate synthase	""
AT1G69523	locus:505006213	AT1G69523	""	1742	Chr1	26129551	26131292	A. thaliana	S-adenosyl-L-methionine-dependent methyltransferases superfamily protein;(source:Araport11)	""	S-adenosyl-L-methionine-dependent methyltransferases superfamily protein	""
AT1G69790	locus:2205050	AT1G69790	""	2422	Chr1	26266592	26269013	A. thaliana	Protein kinase superfamily protein;(source:Araport11)	""	Protein kinase superfamily protein	PBL18
AT1G69850	locus:2196739	NRT1:2	nitrate transporter 1:2	4145	Chr1	26296540	26300684	A. thaliana	nitrate transporter 1:2;(source:Araport11)	Encodes an inducible component of low-affinity nitrate uptake. mRNA found primarily in root hairs and the epidermis of roots.  It also acts as an ABA importer at the site of ABA biosynthesis and is important for the regulation of stomatal aperture in inflorescence stems.	nitrate transporter 1:2	AIT1, AtNPF4.6, ATNRT1:2, NPF4.6, NRT1.2, NRT1:2, NTL1
AT1G70400	locus:2016134	AT1G70400	""	2062	Chr1	26531399	26533460	A. thaliana	NOSIC domain protein;(source:Araport11)	""	""	""
AT1G70610	locus:2026790	ABCB26	ATP-binding cassette B26	4610	Chr1	26621899	26626508	A. thaliana	transporter associated with antigen processing protein 1;(source:Araport11)	member of TAP subfamily	transporter associated with antigen processing protein 1	ABCB26, ATTAP1, TAP1
AT1G70710	locus:2033600	GH9B1	glycosyl hydrolase 9B1	4209	Chr1	26659129	26663337	A. thaliana	glycosyl hydrolase 9B1;(source:Araport11)	endo-1,4-beta-glucanase. Involved in cell elongation.	glycosyl hydrolase 9B1	ATGH9B1, CEL1, GH9B1
AT1G71190	locus:2026281	SAG18	senescence associated gene 18	1655	Chr1	26833406	26835060	A. thaliana	senescence associated gene 18;(source:Araport11)	Senescence associated gene (SAG). Expression induced by ozone. Encodes a plant-specific protein of unknown function.  Based on a personal communication from David Meinke (08/21/2007), this gene is not allelic to TTN4, even though this has been stated previously in a publication.	senescence associated gene 18	SAG18
AT1G71696	locus:2824541	SOL1	SUPPRESSOR OF LLP1 1	3838	Chr1	26966766	26970603	A. thaliana	carboxypeptidase D;(source:Araport11)	Encodes a Putative Zn2+ carboxypeptidase, 4 splice variants have been identified but not characterized for different functions and/or expression patterns.SOL1 isolated as a suppressor of root- specific overexpression of CLE19, a clavata3 like gene. sol1 partially suppresses the short root phenotype caused  by CLE19 overexpression.	carboxypeptidase D, putative	SOL1
AT1G72060	locus:2030337	AT1G72060	""	835	Chr1	27118177	27119011	A. thaliana	serine-type endopeptidase inhibitor;(source:Araport11)	""	serine-type endopeptidase inhibitors	""
AT1G72680	locus:2030210	CAD1	cinnamyl-alcohol dehydrogenase	1916	Chr1	27359109	27361024	A. thaliana	cinnamyl-alcohol dehydrogenase;(source:Araport11)	""	cinnamyl-alcohol dehydrogenase	ATCAD1, CAD1
AT1G73210	locus:2197254	AT1G73210	""	3201	Chr1	27527752	27530952	A. thaliana	hypothetical protein (DUF789);(source:Araport11)	""	Protein of unknown function (DUF789)	""
AT1G73350	locus:2206895	AT1G73350	""	1907	Chr1	27575377	27577283	A. thaliana	ankyrin repeat protein;(source:Araport11)	""	""	""
AT1G74110	locus:2031491	CYP78A10	cytochrome P450, family 78, subfamily A, polypeptide 10	1702	Chr1	27866667	27868368	A. thaliana	cytochrome P450, family 78, subfamily A, polypeptide 10;(source:Araport11)	member of CYP78A	cytochrome P450, family 78, subfamily A, polypeptide 10	CYP78A10
AT1G74780	locus:2027284	AT1G74780	""	2497	Chr1	28095729	28098225	A. thaliana	Nodulin-like / Major Facilitator Superfamily protein;(source:Araport11)	""	Nodulin-like / Major Facilitator Superfamily protein	""
AT1G75550	locus:2005609	AT1G75550	""	1615	Chr1	28368447	28370061	A. thaliana	glycine-rich protein;(source:Araport11)	""	glycine-rich protein	""
AT1G75900	locus:2204324	AT1G75900	""	2434	Chr1	28498821	28501254	A. thaliana	GDSL-like Lipase/Acylhydrolase superfamily protein;(source:Araport11)	GDSL-motif  esterase/acyltransferase/lipase. Enzyme group with broad substrate specificity that may catalyze acyltransfer or hydrolase reactions with lipid and non-lipid substrates.	GDSL-like Lipase/Acylhydrolase superfamily protein	""
AT1G77360	locus:2031447	APPR6	Arabidopsis pentatricopeptide repeat 6	1747	Chr1	29071983	29073729	A. thaliana	Tetratricopeptide repeat (TPR)-like superfamily protein;(source:Araport11)	""	Tetratricopeptide repeat (TPR)-like superfamily protein	APPR6
AT1G78780	locus:2037503	AT1G78780	""	1998	Chr1	29621340	29623337	A. thaliana	pathogenesis-related family protein;(source:Araport11)	""	pathogenesis-related family protein	""
AT1G78980	locus:2207280	SRF5	STRUBBELIG-receptor family 5	3797	Chr1	29707625	29711421	A. thaliana	STRUBBELIG-receptor family 5;(source:Araport11)	""	STRUBBELIG-receptor family 5	SRF5
AT1G79080	locus:2207415	AT1G79080	""	2114	Chr1	29746972	29749085	A. thaliana	Pentatricopeptide repeat (PPR) superfamily protein;(source:Araport11)	""	Pentatricopeptide repeat (PPR) superfamily protein	""
AT1G79350	locus:2207365	EMB1135	embryo defective 1135	8846	Chr1	29844621	29853466	A. thaliana	RING/FYVE/PHD zinc finger superfamily protein;(source:Araport11)	Encodes the Arabidopsis thaliana orthologue of metazoan Strawberry notch, a highly conserved co-activator of the developmental regulator Notch. It mediates stress-induced chromatin memory by modulating nucleosome occupancy by interacting with chromatin remodeling proteins of the ISWI and SWI/SNF classes.	RING/FYVE/PHD zinc finger superfamily protein	EMB1135, FGT1
AT2G01820	locus:2059703	AT2G01820	""	3572	Chr2	357353	360924	A. thaliana	Leucine-rich repeat protein kinase family protein;(source:Araport11)	Transmembrane kinase (TMK), member of the plant receptor-like kinase (RLK) family. TMKs are characterized by an extracellular leucine-rich-repeat (LRR) domain, a single transmembrane region and a cytoplasmic kinase domain. TMKs have been shown to act as critical modulators of cell expansion  and cell proliferation.	Leucine-rich repeat protein kinase family protein	TMK3
AT2G01890	locus:2059748	PAP8	purple acid phosphatase 8	2583	Chr2	396756	399338	A. thaliana	purple acid phosphatase 8;(source:Araport11)	Encodes a purple acid phosphatase (PAP) belonging to the low molecular weight plant PAP group.	purple acid phosphatase 8	ATPAP8, PAP8
AT2G02910	locus:2056750	AT2G02910	""	2565	Chr2	847139	849703	A. thaliana	transmembrane protein (DUF616);(source:Araport11)	""	Protein of unknown function (DUF616)	""
AT2G04230	locus:2055993	AT2G04230	""	2306	Chr2	1446795	1449100	A. thaliana	FBD, F-box and Leucine Rich Repeat domains containing protein;(source:Araport11)	""	FBD, F-box and Leucine Rich Repeat domains containing protein	""
AT2G04340	locus:2058394	AT2G04340	""	2105	Chr2	1513490	1515594	A. thaliana	cytoplasmic dynein 2 light intermediate chain;(source:Araport11)	""	""	""
AT2G06510	locus:2054577	RPA1A	replication protein A 1A	2703	Chr2	2584984	2587686	A. thaliana	replication protein A 1A;(source:Araport11)	Encodes a homolog of Replication Protein A that is involved in meiosis I in pollen mother cells. rpa1a mutants have a reduced number of class I crossovers. The protein is located in chromatin-associated foci in early leptotene and can be detected in these foci until late pachytene of meiosis I.	replication protein A 1A	ATRPA1A, ATRPA70A, RPA1A, RPA70A
AT2G07170	locus:2060161	AT2G07170	""	4242	Chr2	2975025	2979266	A. thaliana	ARM repeat superfamily protein;(source:Araport11)	""	ARM repeat superfamily protein	""
AT2G14170	locus:2059456	ALDH6B2	aldehyde dehydrogenase  6B2	4628	Chr2	5977272	5981899	A. thaliana	aldehyde dehydrogenase 6B2;(source:Araport11)	Arabidopsis thaliana methylmalonate-semialdehyde dehydrogenase	aldehyde dehydrogenase  6B2	ALDH6B2, MMSD
AT2G16370	locus:2042649	THY-1	thymidylate synthase 1	3103	Chr2	7081763	7084865	A. thaliana	thymidylate synthase 1;(source:Araport11)	Encodes a bifunctional dihydrofolate reductase - thymidylate synthase gene.  This is unique in Arabidopsis and protozoa.  Other organisms have independent genes for  this function. This alternative transcript is produced in tissues other than leaves.	thymidylate synthase 1	AtDRTS1, DHFR-TS-1, THY-1
AT2G17270	locus:2827555	PHT3;3	phosphate transporter 3;3	2406	Chr2	7510097	7512502	A. thaliana	phosphate transporter 3;(source:Araport11)	Encodes a mitochondrial phosphate transporter. Modulates plant responses to salt stress.	phosphate transporter 3;3	MPT1, PHT3;3
AT2G17900	locus:2827831	SDG37	SET domain group 37	3606	Chr2	7773220	7776825	A. thaliana	SET domain group 37;(source:Araport11)	Homology Subgroup S-ET - Protein containing an interrupted SET domain.	SET domain group 37	ASHR1, SDG37
AT2G18000	locus:2060938	TAF14	TBP-associated factor 14	1923	Chr2	7828976	7830898	A. thaliana	TBP-associated factor 14;(source:Araport11)	""	TBP-associated factor 14	TAF14, YAF9b
AT2G18030	locus:2060907	MSRA5	methionine sulfoxide reductase A5	1787	Chr2	7840037	7841823	A. thaliana	Peptide methionine sulfoxide reductase family protein;(source:Araport11)	""	Peptide methionine sulfoxide reductase family protein	MSRA5
AT2G18570	locus:2046328	AT2G18570	""	1993	Chr2	8063023	8065015	A. thaliana	UDP-Glycosyltransferase superfamily protein;(source:Araport11)	""	UDP-Glycosyltransferase superfamily protein	""
AT2G18790	locus:2005515	PHYB	phytochrome B	4706	Chr2	8139756	8144461	A. thaliana	phytochrome B;(source:Araport11)	Red/far-red photoreceptor involved in the regulation of de-etiolation. Exists in two inter-convertible forms: Pr and Pfr (active). Involved in the light-promotion of seed germination and in the shade avoidance response. Promotes seedling etiolation in both the presence and absence of phytochrome A. Overexpression results in etiolation under far-red light. Accumulates in the nucleus after exposure to far red light. The phosphorylation state of the Ser-86 residue of the phytochrome B molecule alters dark reversion of the molecule. The mRNA is cell-to-cell mobile.	phytochrome B	HY3, OOP1, PHYB
AT2G19530	locus:2050377	AT2G19530	""	1769	Chr2	8459947	8461715	A. thaliana	transmembrane protein;(source:Araport11)	""	""	""
AT2G20362	locus:4515102872	AT2G20362	""	1149	Chr2	8789594	8790742	A. thaliana	transmembrane protein;(source:Araport11)	""	""	""
AT2G20490	locus:2054804	NOP10	""	1249	Chr2	8831681	8832929	A. thaliana	nucleolar RNA-binding Nop10p family protein;(source:Araport11)	""	nucleolar RNA-binding Nop10p family protein	EDA27, NOP10
AT2G21180	locus:2047062	AT2G21180	""	972	Chr2	9074660	9075631	A. thaliana	transmembrane protein;(source:Araport11)	""	""	""
AT2G21480	locus:2050080	AT2G21480	""	2978	Chr2	9202494	9205471	A. thaliana	Malectin/receptor-like protein kinase family protein;(source:Araport11)	BUSP2 plays a smaller role than BUSP1 in pollen tube growth. bups1/2 double mutants have reduced feritlity due to premature rupture of pollen tubes before they reach the ovule but single busp2 mutants are fertile. BUSP2 interacts with RALF4/19 peptide ligands and  ANX1/2 receptors. BUPS/ANX signaling may regulate and promote pollen tube growth.	Malectin/receptor-like protein kinase family protein	BUPS2
AT2G21770	locus:2052576	CESA9	cellulose synthase A9	5354	Chr2	9284391	9289744	A. thaliana	cellulose synthase A9;(source:Araport11)	cellulose synthase, related to CESA6.	cellulose synthase A9	CESA09, CESA9
AT2G22070	locus:2055919	AT2G22070	""	2870	Chr2	9383397	9386266	A. thaliana	pentatricopeptide (PPR) repeat-containing protein;(source:Araport11)	""	pentatricopeptide (PPR) repeat-containing protein	""
AT2G22530	locus:2041248	AT2G22530	""	4849	Chr2	9572768	9577616	A. thaliana	Alkaline-phosphatase-like family protein;(source:Araport11)	""	Alkaline-phosphatase-like family protein	""
AT2G22660	locus:2065983	AT2G22660	""	3942	Chr2	9627342	9631283	A. thaliana	DNA-binding protein, putative (duplicated DUF1399);(source:Araport11)	Encodes a member of a family of DUF1399 domain containing proteins. GRDP1 is involved in germination and response to ABA. Loss of function mutants have reduced germination in the presence of osmotic stressors.	Protein of unknown function (duplicated DUF1399)	AtGRDP1
AT2G23190	locus:2058657	CYP81D7	cytochrome P450, family 81, subfamily D, polypeptide 7	1950	Chr2	9877058	9879007	A. thaliana	cytochrome P450, family 81, subfamily D, polypeptide 7;(source:Araport11)	member of CYP81D	cytochrome P450, family 81, subfamily D, polypeptide 7	CYP81D7
AT2G23270	locus:2058652	AT2G23270	""	631	Chr2	9903215	9903845	A. thaliana	transmembrane protein;(source:Araport11)	Encoding a precursor protein of a secreted peptide that is responsive to flg22 stimulus.  Finetuning role in modulation of immunity through the regulation of SA and  JA biosynthesis and signalling pathways.	""	PIP3, prePIP3
AT2G24270	locus:2047485	ALDH11A3	aldehyde dehydrogenase 11A3	3131	Chr2	10326918	10330048	A. thaliana	aldehyde dehydrogenase 11A3;(source:Araport11)	Encodes a protein with non-phosphorylating NADP-dependent glyceraldehyde-3-phosphate dehydrogenase activity. The activity of the enzyme was determined from leaf extracts; the enzyme has not been purified to confirm activity.	aldehyde dehydrogenase 11A3	ALDH11A3
AT2G24960	locus:2047374	AT2G24960	""	2919	Chr2	10617116	10620034	A. thaliana	Myb/SANT-like DNA-binding domain protein;(source:Araport11)	""	""	""
AT2G25370	locus:2040025	AT2G25370	""	3266	Chr2	10806680	10809945	A. thaliana	RING/U-box superfamily protein;(source:Araport11)	""	RING/U-box superfamily protein	""
AT2G27080	locus:2059274	AT2G27080	""	3572	Chr2	11563933	11567504	A. thaliana	Late embryogenesis abundant (LEA) hydroxyproline-rich glycoprotein family;(source:Araport11)	""	Late embryogenesis abundant (LEA) hydroxyproline-rich glycoprotein family	NHL13
AT2G27190	locus:2005533	PAP12	purple acid phosphatase 12	2397	Chr2	11621222	11623618	A. thaliana	purple acid phosphatase 12;(source:Araport11)	Encodes a root-secreted purple acid phosphatase involved in extracellular phosphate-scavenging.	purple acid phosphatase 12	ATPAP12, PAP12
AT2G27370	locus:2038638	CASP3	Casparian strip membrane domain protein 3	1700	Chr2	11708429	11710128	A. thaliana	Uncharacterized protein family (UPF0497);(source:Araport11)	""	Uncharacterised protein family (UPF0497)	CASP3
AT2G27760	locus:2042103	IPT2	tRNAisopentenyltransferase 2	2838	Chr2	11824772	11827609	A. thaliana	tRNAisopentenyltransferase 2;(source:Araport11)	Encodes tRNA isopentenyltransferase, similar to yeast MOD5.	tRNAisopentenyltransferase 2	ATIPT2, IPPT, IPT2
AT2G28930	locus:2053240	PK1B	protein kinase 1B	2372	Chr2	12424303	12426674	A. thaliana	protein kinase 1B;(source:Araport11)	""	protein kinase 1B	APK1B, PBL10, PK1B
AT2G30150	locus:2060817	AT2G30150	""	1866	Chr2	12874465	12876330	A. thaliana	UDP-Glycosyltransferase superfamily protein;(source:Araport11)	""	UDP-Glycosyltransferase superfamily protein	""
AT2G30800	locus:2052841	HVT1	helicase in vascular tissue and tapetum	6522	Chr2	13120292	13126813	A. thaliana	helicase in vascular tissue and tapetum;(source:Araport11)	Has RNA or DNA helicase activity and expressed specifically in tapetum and vascular tissue. First identified member of a new group of the mle helicase group of the DEAH family.	helicase in vascular tissue and tapetum	ATVT-1, HVT1
AT2G31010	locus:2052786	AT2G31010	""	6185	Chr2	13193954	13200138	A. thaliana	Protein kinase superfamily protein;(source:Araport11)	""	Protein kinase superfamily protein	""
AT2G31190	locus:2042536	RUS2	ROOT UV-B SENSITIVE 2	2609	Chr2	13291191	13293799	A. thaliana	root UVB sensitive protein (Protein of unknown function, DUF647);(source:Araport11)	Encodes RUS2 (root UVB sensitive2), a DUF647-containing protein that is homologous to the RUS1 protein. RUS2 works with RUS1 in a root UV-B sensing pathway that plays a vital role in Arabidopsis early seedling morphogenesis and development.  Required for auxin polar transport.	Protein of unknown function, DUF647	RUS2, WXR1
AT2G31800	locus:2045258	AT2G31800	""	3594	Chr2	13520325	13523918	A. thaliana	Integrin-linked protein kinase family;(source:Araport11)	""	Integrin-linked protein kinase family	""
AT2G32030	locus:2045477	AT2G32030	""	1084	Chr2	13632468	13633551	A. thaliana	Acyl-CoA N-acyltransferases (NAT) superfamily protein;(source:Araport11)	""	Acyl-CoA N-acyltransferases (NAT) superfamily protein	""
AT2G32190	locus:2045522	AT2G32190	""	1102	Chr2	13674255	13675356	A. thaliana	cysteine-rich/transmembrane domain A-like protein;(source:Araport11)	""	""	AthCYSTM4
AT2G32460	locus:2060241	MYB101	myb domain protein 101	2377	Chr2	13782107	13784483	A. thaliana	myb domain protein 101;(source:Araport11)	Member of the R2R3 factor gene family.	myb domain protein 101	ABS7, ATM1, ATMYB101, MYB101
AT2G32650	locus:2046412	AT2G32650	""	1092	Chr2	13850989	13852080	A. thaliana	RmlC-like cupins superfamily protein;(source:Araport11)	""	RmlC-like cupins superfamily protein	""
AT2G33320	locus:2051169	AT2G33320	""	2884	Chr2	14119307	14122190	A. thaliana	Calcium-dependent lipid-binding (CaLB domain) family protein;(source:Araport11)	""	Calcium-dependent lipid-binding (CaLB domain) family protein	""
AT2G33380	locus:2051129	RD20	RESPONSIVE TO DESSICATION 20	1725	Chr2	14144831	14146555	A. thaliana	Caleosin-related family protein;(source:Araport11)	Encodes a calcium binding protein whose mRNA is induced upon treatment with NaCl, ABA and in response to desiccation.  mRNA expression under drought conditions is apparent particularly in leaves and flowers. Isoform of caleosin with a role as a peroxygenase involved in oxylipin metabolism during biotic and abiotic stress. Involved in the production of 2-hydroxy-octadecatrienoic acid.  The peroxygenase has a narrow substrate specificity thus acting as a fatty acid hydroperoxide reductase in vivo.	Caleosin-related family protein	AtCLO3, AtRD20, CLO-3, CLO3, PXG3, RD20
AT2G34070	locus:2055425	TBL37	TRICHOME BIREFRINGENCE-LIKE 37	3146	Chr2	14387194	14390339	A. thaliana	TRICHOME BIREFRINGENCE-LIKE 37;(source:Araport11)	Encodes a member of the TBL (TRICHOME BIREFRINGENCE-LIKE) gene family containing a plant-specific DUF231 (domain of unknown function) domain. TBL gene family has 46 members, two of which (TBR/AT5G06700 and TBL3/AT5G01360) have been shown to be involved in the synthesis and deposition of secondary wall cellulose, presumably by influencing the esterification state of pectic polymers. A nomenclature for this gene family has been proposed (Volker Bischoff & Wolf Scheible, 2010, personal communication). TBL37 expression is regulated by MYC2 and activated in response to JA.	TRICHOME BIREFRINGENCE-LIKE 37	TBL37
AT2G34320	locus:2040899	AT2G34320	""	879	Chr2	14484959	14485837	A. thaliana	Polynucleotidyl transferase, ribonuclease H-like superfamily protein;(source:Araport11)	""	Polynucleotidyl transferase, ribonuclease H-like superfamily protein	""
AT2G34930	locus:2044767	AT2G34930	""	3081	Chr2	14737066	14740146	A. thaliana	disease resistance family protein / LRR family protein;(source:Araport11)	""	disease resistance family protein / LRR family protein	""
AT2G36360	locus:2049475	AT2G36360	""	4792	Chr2	15242904	15247695	A. thaliana	Galactose oxidase/kelch repeat superfamily protein;(source:Araport11)	""	Galactose oxidase/kelch repeat superfamily protein	""
AT2G37110	locus:2061728	AT2G37110	""	1482	Chr2	15592552	15594033	A. thaliana	PLAC8 family protein;(source:Araport11)	""	PLAC8 family protein	""
AT2G37370	locus:2049821	AT2G37370	""	5612	Chr2	15679107	15684718	A. thaliana	centrosomal protein of 135 kDa-like protein;(source:Araport11)	""	""	""
AT2G37560	locus:2040706	ORC2	origin recognition complex second largest subunit 2	2662	Chr2	15758601	15761262	A. thaliana	origin recognition complex second largest subunit 2;(source:Araport11)	Origin Recognition Complex subunit 2. Involved in the initiation of DNA replication. Regulated transcriptionally during cell cycle, peaking at G1/S-phase. Target of E2F/DF family of transcription factors. Interacts strongly with all ORC subunits.	origin recognition complex second largest subunit 2	ATORC2, ORC2
AT2G37630	locus:2040671	AS1	ASYMMETRIC LEAVES 1	2249	Chr2	15781232	15783480	A. thaliana	myb-like HTH transcriptional regulator family protein;(source:Araport11)	Encodes a MYB-domain protein involved in specification of the leaf proximodistal axis. Mutation results in lobed and dissected leaves with a characteristic asymmetry. Homologous to the Antirrhinum PHANTASTICA (PHAN) and maize ROUGH SHEATH2 (RS2) genes  Asymmetric placement of auxin response at the distal leaf tip precedes visible asymmetric leaf growth.  Acts alongside AXR1 to exclude BP expression in leaves and with PIN1 to repress BP and promote lateral organ growth. Interacts physically with AS2 to form a complex that binds to the BP promoter and silences BP.  Also functions as a regulator of the plant immune response.	myb-like HTH transcriptional regulator family protein	AS1, ATMYB91, ATPHAN, LL2, MYB91
AT2G37678	locus:4010713689	FHY1	far-red elongated hypocotyl 1	1376	Chr2	15801418	15802793	A. thaliana	far-red elongated hypocotyl 1;(source:Araport11)	Positive regulator of photomorphogenesis in far-red light. Most abundant in young seedlings in the dark. Downregulated in the light and older as plants develop. Localized in the nucleus and the cytoplasm. Nuclear localization strongest in the dark. Degraded through the 26S proteasome. Regulated by PHYA. It is specifically required for the light-regulated nuclear accumulation of phyA ( but not phyB) likely by shuttling PHYA into the nucleus.	far-red elongated hypocotyl 1	FHY1, FRY1, PAT3
AT2G37710	locus:2040681	RLK	receptor lectin kinase	2558	Chr2	15814531	15817088	A. thaliana	receptor lectin kinase;(source:Araport11)	Induced in response to Salicylic acid. The mRNA is cell-to-cell mobile.	receptor lectin kinase	LecRK-IV.1, RLK
AT2G39518	locus:4010713692	AT2G39518	""	1327	Chr2	16495819	16497145	A. thaliana	Uncharacterized protein family (UPF0497);(source:Araport11)	""	Uncharacterised protein family (UPF0497)	CASPL4D2
AT2G40030	locus:2061151	NRPD1B	nuclear RNA polymerase D1B	9259	Chr2	16714460	16723718	A. thaliana	nuclear RNA polymerase D1B;(source:Araport11)	Encodes the unique largest subunit of nuclear DNA-dependent RNA polymerase V; homologous to budding yeast RPB1 and the E. coli RNA polymerase beta prime subunit.  Required for normal RNA-directed DNA methylation at non-CG methylation sites and transgene silencing. The nrpe1 mutant is more resistant to biotrophic pathogens and is primed to activate salicylic acid-dependent defence genes.	nuclear RNA polymerase D1B	ATNRPD1B, DMS5, DRD3, NRPD1B, NRPE1
AT2G40100	locus:2047751	LHCB4.3	light harvesting complex photosystem II	1797	Chr2	16745628	16747424	A. thaliana	light harvesting complex photosystem II;(source:Araport11)	Lhcb4:3 protein (Lhcb4.3, light harvesting complex of photosystem II The mRNA is cell-to-cell mobile.	light harvesting complex photosystem II	LHCB4.3, LHCB8
AT2G40330	locus:2063063	PYL6	PYR1-like 6	1607	Chr2	16844588	16846194	A. thaliana	PYR1-like 6;(source:Araport11)	Encodes a member of the PYR (pyrabactin resistance  )/PYL(PYR1-like)/RCAR (regulatory components of ABA receptor) family proteins with 14 members.  PYR/PYL/RCAR family proteins function as abscisic acid sensors. Mediate ABA-dependent regulation of protein phosphatase 2Cs ABI1 and ABI2.	PYR1-like 6	PYL6, RCAR9
AT2G40460	locus:2061843	AT2G40460	""	4764	Chr2	16896907	16901670	A. thaliana	Major facilitator superfamily protein;(source:Araport11)	""	Major facilitator superfamily protein	""
AT2G42830	locus:2052420	SHP2	SHATTERPROOF 2	3900	Chr2	17820114	17824013	A. thaliana	K-box region and MADS-box transcription factor family protein;(source:Araport11)	AGAMOUS [AG]-like MADS box protein (AGL5) involved in fruit development (valve margin and dehiscence zone differentiation). A putative direct target of AG. SHP2 has been shown to be a downstream gene of the complex formed by AG and SEP proteins (SEP4 alone does not form a functional complex with AG).	K-box region and MADS-box transcription factor family protein 	AGL5, SHP2
AT2G43560	locus:2058218	AT2G43560	""	1640	Chr2	18073859	18075498	A. thaliana	FKBP-like peptidyl-prolyl cis-trans isomerase family protein;(source:Araport11)	""	FKBP-like peptidyl-prolyl cis-trans isomerase family protein	""
AT2G44175	locus:504956005	AT2G44175	""	427	Chr2	18268788	18269214	A. thaliana	Acyl-CoA N-acyltransferases (NAT) superfamily protein;(source:Araport11)	""	Acyl-CoA N-acyltransferases (NAT) superfamily protein	""
AT2G45960	locus:2050649	PIP1B	plasma membrane intrinsic protein 1B	1902	Chr2	18910081	18911982	A. thaliana	plasma membrane intrinsic protein 1B;(source:Araport11)	a member of the plasma membrane intrinsic protein subfamily PIP1. localizes to the plasma membrane and exhibits water transport activity in Xenopus oocyte. expressed ubiquitously and protein level decreases slightly during leaf development.	plasma membrane intrinsic protein 1B	ATHH2, PIP1;2, PIP1B, TMP-A
AT2G47540	locus:2062024	AT2G47540	""	855	Chr2	19505827	19506681	A. thaliana	Pollen Ole e 1 allergen and extensin family protein;(source:Araport11)	""	Pollen Ole e 1 allergen and extensin family protein	""
AT2G47780	locus:2043373	AT2G47780	""	995	Chr2	19570040	19571034	A. thaliana	Rubber elongation factor protein (REF);(source:Araport11)	Encodes a small rubber particle protein homolog.  Plays dual roles as positive factors for tissue growth and development and in drought stress responses.	Rubber elongation factor protein (REF)	LDAP2, SRP2
AT2G47840	locus:2043353	Tic20-II	translocon at the inner envelope membrane of chloroplasts 20-II	815	Chr2	19594187	19595001	A. thaliana	Uncharacterized conserved protein ycf60;(source:Araport11)	Encodes a component of the TIC (translocon at the inner envelope membrane of chloroplasts) protein translocation machinery mediating the protein translocation across the inner envelope of plastids. The Arabidopsis genome encodes four Tic20 homologous proteins, AT1G04940(Tic20-I), AT2G47840(Tic20-II), AT4G03320(Tic20-IV) and AT5G55710(Tic20-V).	Uncharacterised conserved protein ycf60	AtTic20-II, Tic20-II
AT2G48140	locus:2039341	EDA4	embryo sac development arrest 4	1332	Chr2	19686333	19687664	A. thaliana	Bifunctional inhibitor/lipid-transfer protein/seed storage 2S albumin superfamily protein;(source:Araport11)	""	Bifunctional inhibitor/lipid-transfer protein/seed storage 2S albumin superfamily protein	EDA4, LTPG16
AT3G01420	locus:2096697	DOX1	""	3456	Chr3	159450	162905	A. thaliana	Peroxidase superfamily protein;(source:Araport11)	Encodes an alpha-dioxygenase involved in protection against oxidative stress and cell death. Induced in response to Salicylic acid and oxidative stress.  Independent of NPR1 in  induction by salicylic acid. The mRNA is cell-to-cell mobile.	Peroxidase superfamily protein	ALPHA-DOX1, DIOX1, DOX1, PADOX-1
AT3G01680	locus:2084158	SEOR1	Sieve-Element-Occlusion-Related 1	3646	Chr3	251868	255513	A. thaliana	sieve element occlusion amino-terminus protein;(source:Araport11)	Encodes a protein localized to phloem filaments that is required for phloem filament formation. The mRNA is cell-to-cell mobile.	""	AtSEOR1, SEOb, SEOR1
AT3G01900	locus:2078698	CYP94B2	cytochrome P450, family 94, subfamily B, polypeptide 2	1880	Chr3	312241	314120	A. thaliana	cytochrome P450, family 94, subfamily B, polypeptide 2;(source:Araport11)	member of CYP94B	cytochrome P450, family 94, subfamily B, polypeptide 2	CYP94B2
AT3G02060	locus:2078673	AT3G02060	""	4474	Chr3	354360	358833	A. thaliana	DEAD/DEAH box helicase;(source:Araport11)	""	DEAD/DEAH box helicase, putative	""
AT3G02520	locus:2076904	GRF7	general regulatory factor 7	2096	Chr3	526293	528388	A. thaliana	general regulatory factor 7;(source:Araport11)	Encodes GF14 &#957;, a 14-3-3 protein isoform (14-3-3&#957;).	general regulatory factor 7	GF14 NU, GRF7
AT3G02820	locus:2075507	AT3G02820	""	2033	Chr3	611490	613522	A. thaliana	zinc knuckle (CCHC-type) family protein;(source:Araport11)	""	zinc knuckle (CCHC-type) family protein	""
AT3G04480	locus:2100910	AT3G04480	""	3882	Chr3	1193540	1197421	A. thaliana	endoribonuclease;(source:Araport11)	""	endoribonucleases	""
AT3G04790	locus:2084898	EMB3119	EMBRYO DEFECTIVE 3119	992	Chr3	1313297	1314288	A. thaliana	Ribose 5-phosphate isomerase, type A protein;(source:Araport11)	""	Ribose 5-phosphate isomerase, type A protein	EMB3119
AT3G08960	locus:2097658	AT3G08960	""	7614	Chr3	2729743	2737356	A. thaliana	ARM repeat superfamily protein;(source:Araport11)	Ran effector.	ARM repeat superfamily protein	KA120
AT3G09010	locus:2095334	AT3G09010	""	2483	Chr3	2749908	2752390	A. thaliana	Protein kinase superfamily protein;(source:Araport11)	""	Protein kinase superfamily protein	""
AT3G09060	locus:2095309	AT3G09060	""	2688	Chr3	2765812	2768499	A. thaliana	Pentatricopeptide repeat (PPR) superfamily protein;(source:Araport11)	""	Pentatricopeptide repeat (PPR) superfamily protein	""
AT3G09740	locus:2075054	SYP71	syntaxin of plants 71	2309	Chr3	2989356	2991664	A. thaliana	syntaxin of plants 71;(source:Araport11)	syntaxin of plants 71 (SYP71)	syntaxin of plants 71	ATSYP71, SYP71
AT3G10300	locus:2076229	AT3G10300	""	2503	Chr3	3186038	3188540	A. thaliana	Calcium-binding EF-hand family protein;(source:Araport11)	""	Calcium-binding EF-hand family protein	""
AT3G10405	locus:504955888	AT3G10405	""	2833	Chr3	3232457	3235289	A. thaliana	vacuolar acid trehalase;(source:Araport11)	""	""	""
AT3G10740	locus:2103172	ASD1	alpha-L-arabinofuranosidase 1	5029	Chr3	3360711	3365739	A. thaliana	alpha-L-arabinofuranosidase 1;(source:Araport11)	Encodes a bifunctional alpha-l-arabinofuranosidase/beta-d-xylosidase that belongs to family 51 of glycoside hydrolases.  It may be involved in cell wall modification.	alpha-L-arabinofuranosidase 1	ARAF, ARAF1, ASD1, ATASD1
AT3G12080	locus:2099277	emb2738	embryo defective 2738	4396	Chr3	3847743	3852138	A. thaliana	GTP-binding family protein;(source:Araport11)	Encodes a putative plastid-targeted GTP-binding protein that is essential for embryogenesis and chloroplast development.	GTP-binding family protein	DER, emb2738, EngA-1
AT3G12770	locus:2087735	MEF22	mitochondrial editing factor  22	2332	Chr3	4056953	4059284	A. thaliana	mitochondrial editing factor 22;(source:Araport11)	Encodes a pentatricopeptide repeat protein (PPR) protein involved in mitochondrial mRNA editing.	mitochondrial editing factor  22	MEF22
AT3G12870	locus:2090364	AT3G12870	""	922	Chr3	4094191	4095112	A. thaliana	transmembrane protein;(source:Araport11)	""	""	""
AT3G13330	locus:2088140	PA200	proteasome activating protein 200	10729	Chr3	4319490	4330218	A. thaliana	proteasome activating protein 200;(source:Araport11)	Encodes a protein that interacts with the 26S proteasome.  Mutants are phenotypically indistinguishable from wild type plants under a variety of growth conditions.  Protein levels increase upon exposure of seedlings to MG132, a specific, potent, reversible, and cell-permeable proteasome inhibitor.	proteasome activating protein 200	PA200
AT3G13620	locus:2086794	PUT4	POLYAMINE UPTAKE TRANSPORTER 4	1909	Chr3	4450745	4452653	A. thaliana	Amino acid permease family protein;(source:Araport11)	Encodes POLYAMINE UPTAKE TRANSPORTER 4, an amino acid permease family protein.	Amino acid permease family protein	PUT4
AT3G14067	locus:2087512	AT3G14067	""	2907	Chr3	4658039	4660945	A. thaliana	Subtilase family protein;(source:Araport11)	Encodes a protein with similarity to serine protease, subtilisin, that is upregulated during senescence and expressed in the arial portions of the plant.Loss of function mutations have increased branch number but normal silique length and seed set and therefore have increased fertility.	Subtilase family protein	SASP
AT3G14470	locus:2091672	AT3G14470	""	3830	Chr3	4857464	4861293	A. thaliana	NB-ARC domain-containing disease resistance protein;(source:Araport11)	""	NB-ARC domain-containing disease resistance protein	""
AT3G14570	locus:2089571	GSL04	glucan synthase-like 4	10471	Chr3	4892410	4902880	A. thaliana	glucan synthase-like 4;(source:Araport11)	encodes a protein similar to callose synthase	glucan synthase-like 4	ATGSL04, atgsl4, gsl04, GSL04, GSL4
AT3G14770	locus:2099362	SWEET2	""	2371	Chr3	4957334	4959704	A. thaliana	Nodulin MtN3 family protein;(source:Araport11)	""	Nodulin MtN3 family protein	AtSWEET2, SWEET2
AT3G14840	locus:2099352	AT3G14840	""	6102	Chr3	4988008	4994109	A. thaliana	Leucine-rich repeat transmembrane protein kinase;(source:Araport11)	Encodes LRR-RLK protein that  is localized to the plasma membrane and is involved in regulation of plant innate immunity to microbes. LIK1 is phosphorylated by CERK1, a kinase involved in chitin perception. The mRNA is cell-to-cell mobile.	Leucine-rich repeat transmembrane protein kinase	LIK1
AT3G16260	locus:2094912	TRZ4	tRNAse Z4	3902	Chr3	5509344	5513245	A. thaliana	tRNAse Z4;(source:Araport11)	Encodes a tRNase Z. The mRNA is cell-to-cell mobile.	tRNAse Z4	TRZ4
AT3G16360	locus:2094972	AHP4	HPT phosphotransmitter 4	1593	Chr3	5554197	5555789	A. thaliana	HPT phosphotransmitter 4;(source:Araport11)	Encodes AHP4, a histidine-containing phosphotransmitter involved in Histidine (His)-to-Aspartate (Asp) phosphorelay signal transduction. AHP4 is one of the six Arabidopsis thaliana histidine phosphotransfer proteins (AHPs).  AHPs function as redundant positive regulators of cytokinin signaling.  Members of the AHP gene family include: AT3G21510 (AHP1), AT3G29350 (AHP2), AT5G39340 (AHP3), AT3G16360 (AHP4), AT1G03430 (AHP5) and AT1G80100 (AHP6).	HPT phosphotransmitter 4	AHP4
AT3G16520	locus:2088339	UGT88A1	UDP-glucosyl transferase 88A1	2562	Chr3	5618408	5620969	A. thaliana	UDP-glucosyl transferase 88A1;(source:Araport11)	""	UDP-glucosyl transferase 88A1	UGT88A1
AT3G17860	locus:2088530	JAZ3	jasmonate-zim-domain protein 3	3338	Chr3	6119707	6123044	A. thaliana	jasmonate-zim-domain protein 3;(source:Araport11)	JAZs are direct targets of the SCFCOI1 E3 ubiquitin-ligase and JA treatment  induces their proteasome-mediated degradation. Furthermore, JAI3 negatively  regulates the key transcriptional activator of JA responses, AtMYC2. The C-terminal portion of JAZ3, including the Jas domain, appears to be important for JAZ3-COI1 binding in the presence of coronatine.	jasmonate-zim-domain protein 3	JAI3, JAZ3, TIFY6B
AT3G18670	locus:2094039	AT3G18670	""	2662	Chr3	6423900	6426561	A. thaliana	Ankyrin repeat family protein;(source:Araport11)	""	Ankyrin repeat family protein	""
AT3G18830	locus:2094034	PMT5	polyol/monosaccharide transporter 5	2587	Chr3	6488843	6491429	A. thaliana	polyol/monosaccharide transporter 5;(source:Araport11)	This gene encodes a plasma membrane-localized polyol/cyclitol/monosaccharide-H+-symporter. The symporter is able to catalyze the energy-dependent membrane passage of a wide range of linear polyols (three to six carbon backbone), of cyclic polyols (<i>myo</i>-inositol), and of numerous monosaccharides, including pyranose ring-forming and furanose ring-forming hexoses and pentoses. This gene belongs to a monosaccharide transporter-like (MST-like) superfamily.	polyol/monosaccharide transporter 5	ATPLT5, ATPMT5, PMT5
AT3G19330	locus:2090624	AT3G19330	""	2034	Chr3	6699267	6701300	A. thaliana	transmembrane protein, putative (DUF677);(source:Araport11)	""	Protein of unknown function (DUF677)	""
AT3G19920	locus:2092281	AT3G19920	""	2177	Chr3	6929649	6931825	A. thaliana	BTB/POZ domain protein;(source:Araport11)	""	""	""
AT3G20020	locus:2087540	PRMT6	protein arginine methyltransferase 6	4400	Chr3	6983702	6988101	A. thaliana	protein arginine methyltransferase 6;(source:Araport11)	""	protein arginine methyltransferase 6	ATPRMT6, PRMT6
AT3G20440	locus:2092349	EMB2729	EMBRYO DEFECTIVE 2729	7296	Chr3	7123182	7130477	A. thaliana	Alpha amylase family protein;(source:Araport11)	Encodes BE1, a putative glycoside hydrolase. Involved in organogenesis and somatic embryogenesis by regulating carbohydrate metabolism. Mutation in BE1 has pleotrophic effect on the whole plant development.	Alpha amylase family protein	BE1, EMB2729
AT3G20750	locus:2091886	GATA29	GATA transcription factor 29	1402	Chr3	7254739	7256140	A. thaliana	GATA transcription factor 29;(source:Araport11)	Encodes a member of the GATA factor family of zinc finger transcription factors.	GATA transcription factor 29	GATA29
AT3G21630	locus:2089860	CERK1	chitin elicitor receptor kinase 1	3315	Chr3	7615357	7618671	A. thaliana	chitin elicitor receptor kinase 1;(source:Araport11)	LysM receptor-like kinase, based on protein sequence alignment analysis, it has a typical RD signaling domain in its catalytic loop and possesses autophosphorylation activity. Involved in the perception and transduction of the chitin oligosaccharide elicitor. Located in the plasma membrane. CERK1 phosphorylates LIK1, a LLR-RLK that is involved in innate immunity,	chitin elicitor receptor kinase 1	AtCERK1, AtLYK1, CERK1, LYK1, LYSM RLK1
AT3G22490	locus:2077081	AT3G22490	""	1163	Chr3	7969681	7970843	A. thaliana	Seed maturation protein;(source:Araport11)	Atrab28 plays a role in the ion cell balance during late embryogenesis and germination.	Seed maturation protein	ATRAB28, RAB28
AT3G22830	locus:2094339	HSFA6B	heat shock transcription factor  A6B	2271	Chr3	8078789	8081059	A. thaliana	heat shock transcription factor A6B;(source:Araport11)	member of Heat Stress Transcription Factor (Hsf) family	heat shock transcription factor  A6B	AT-HSFA6B, HSFA6B
AT3G23020	locus:2094573	AT3G23020	""	3121	Chr3	8177002	8180122	A. thaliana	Tetratricopeptide repeat (TPR)-like superfamily protein;(source:Araport11)	Encodes a chloroplast nucleoid-localized protein whose absence leads to broadly impaired plastid gene expression and chloroplast development.	Tetratricopeptide repeat (TPR)-like superfamily protein	PPR30
AT3G23110	locus:2094603	RLP37	receptor like protein 37	2508	Chr3	8222364	8224871	A. thaliana	receptor like protein 37;(source:Araport11)	""	receptor like protein 37	AtRLP37, EMB2800, RLP37
AT3G24000	locus:2076111	AT3G24000	""	2164	Chr3	8672718	8674881	A. thaliana	Tetratricopeptide repeat (TPR)-like superfamily protein;(source:Araport11)	""	Tetratricopeptide repeat (TPR)-like superfamily protein	""
AT3G24310	locus:2087183	MYB305	myb domain protein 305	1473	Chr3	8811011	8812483	A. thaliana	myb domain protein 305;(source:Araport11)	snapdragon myb protein 305 homolog (myb)	myb domain protein 305	ATMYB71, MYB305
AT3G25480	locus:2094488	AT3G25480	""	1478	Chr3	9235171	9236648	A. thaliana	Rhodanese/Cell cycle control phosphatase superfamily protein;(source:Araport11)	""	Rhodanese/Cell cycle control phosphatase superfamily protein	""
AT3G26430	locus:2079286	AT3G26430	""	4411	Chr3	9671517	9675927	A. thaliana	GDSL-like Lipase/Acylhydrolase superfamily protein;(source:Araport11)	Encodes a functioning member of the GDS(L) lipase family with preference for long chain substrates that does not hydrolyze choline esters.	GDSL-like Lipase/Acylhydrolase superfamily protein	""
AT3G26618	locus:2088857	ERF1-3	eukaryotic release factor 1-3	2221	Chr3	9788231	9790451	A. thaliana	eukaryotic release factor 1-3;(source:Araport11)	""	eukaryotic release factor 1-3	ERF1-3
AT3G27120	locus:2092025	AT3G27120	""	4059	Chr3	10000248	10004306	A. thaliana	P-loop containing nucleoside triphosphate hydrolases superfamily protein;(source:Araport11)	Encodes a conserved AAA-ATPase that acts as a negative regulator of meiotic CO formation.	P-loop containing nucleoside triphosphate hydrolases superfamily protein	FIGL1
AT3G27190	locus:2086523	UKL2	uridine kinase-like 2	3869	Chr3	10039198	10043066	A. thaliana	uridine kinase-like 2;(source:Araport11)	One of the homologous genes predicted to encode proteins with UPRT domains (Uracil phosphoribosyltransferase). Five of these genes (At5g40870, At3g27190, At1g55810, At4g26510 and At3g27440) show a high level of identity, and are annotated as also containing a N-terminal uracil kinase (UK) domain. These genes are referred to as UKL1 (UK-like 1), UKL2, UKL3, UKL4 and UKL5, respectively.	uridine kinase-like 2	UCK2, UKL2
AT3G29230	locus:2094812	AT3G29230	""	2626	Chr3	11188570	11191195	A. thaliana	Tetratricopeptide repeat (TPR)-like superfamily protein;(source:Araport11)	""	Tetratricopeptide repeat (TPR)-like superfamily protein	""
AT3G30340	locus:2102881	UMAMIT32	Usually multiple acids move in and out Transporters 32	2641	Chr3	11956458	11959098	A. thaliana	nodulin MtN21 /EamA-like transporter family protein;(source:Araport11)	nodulin MtN21-like transporter family protein	nodulin MtN21 /EamA-like transporter family protein	UMAMIT32
AT3G43590	locus:2079859	AT3G43590	""	3048	Chr3	15509527	15512574	A. thaliana	zinc knuckle (CCHC-type) family protein;(source:Araport11)	""	zinc knuckle (CCHC-type) family protein	""
AT3G44510	locus:2075998	AT3G44510	""	3217	Chr3	16108100	16111316	A. thaliana	alpha/beta-Hydrolases superfamily protein;(source:Araport11)	""	alpha/beta-Hydrolases superfamily protein	""
AT3G45740	locus:2102704	AT3G45740	""	2780	Chr3	16790761	16793540	A. thaliana	hydrolase family protein / HAD-superfamily protein;(source:Araport11)	""	hydrolase family protein / HAD-superfamily protein	""
AT3G45980	locus:2077182	HTB9	""	727	Chr3	16897287	16898013	A. thaliana	Histone superfamily protein;(source:Araport11)	Encodes a histone 2B (H2B) protein. This protein can be ubiquitinated in planta, and this modification depends on the HUB1 and HUB2 E3 ubiquitin ligases as well as the UBC1 and UBC2 E2 ubiquitin conjugating enzymes. Lysine 146 appears to be the site of the ubiquitin addition.	Histone superfamily protein	H2B, HTB9
AT3G48190	locus:2100459	ATM	ataxia-telangiectasia mutated	27265	Chr3	17801289	17828553	A. thaliana	Serine/Threonine-kinase ATM-like protein;(source:Araport11)	Encodes a homolog of the human ATM gene, which is mutated in ataxia telangiectasia, a chromosome instability disorder. Suppresses leaf senescence triggered by DNA double-strand break through epigenetic control of senescence-associated genes.  Characterization of mutants suggest a role homologous recombination for DNA damage repair in response to ionizing radiation as well as during meiosis. The protein has kinase domains and shows kinase activity in orthologs. There is also evidence that ATM might be involved in the telomerase-independent process known as Alternative Lengthening of Telomeres.	ataxia-telangiectasia mutated	ATATM, ATM, PIG1
AT3G48460	locus:2101180	AT3G48460	""	1835	Chr3	17949416	17951250	A. thaliana	GDSL-like Lipase/Acylhydrolase superfamily protein;(source:Araport11)	GDSL-motif  esterase/acyltransferase/lipase. Enzyme group with broad substrate specificity that may catalyze acyltransfer or hydrolase reactions with lipid and non-lipid substrates.	GDSL-like Lipase/Acylhydrolase superfamily protein	SFAR4
AT3G48660	locus:2114550	AT3G48660	""	475	Chr3	18029659	18030133	A. thaliana	transmembrane protein, putative (DUF 3339);(source:Araport11)	""	Protein of unknown function (DUF 3339)	""
AT3G49430	locus:2114643	SR34a	Serine/Arginine-Rich Protein Splicing Factor 34a	3646	Chr3	18331509	18335154	A. thaliana	SER/ARG-rich protein 34A;(source:Araport11)	Barta et al (2010) have proposed a nomenclature for Serine/Arginine-Rich Protein Splicing Factors (SR proteins): Plant Cell. 2010, 22:2926.	SER/ARG-rich protein 34A	At-SR34a, SR34a, SRp34a
AT3G50000	locus:2083148	CKA2	casein kinase II, alpha chain 2	2624	Chr3	18534450	18537073	A. thaliana	casein kinase II, alpha chain 2;(source:Araport11)	Encodes the casein kinase II (CK2) catalytic subunit (alpha).	casein kinase II, alpha chain 2	ATCKA2, CKA2
AT3G50430	locus:2098675	AT3G50430	""	3734	Chr3	18713676	18717409	A. thaliana	golgin;(source:Araport11)	""	""	""
AT3G50610	locus:2098695	AT3G50610	""	964	Chr3	18779551	18780514	A. thaliana	DNA-directed RNA polymerase II subunit RPB1-like protein;(source:Araport11)	""	""	CEP9
AT3G50800	locus:2077952	AT3G50800	""	922	Chr3	18882112	18883033	A. thaliana	hypothetical protein;(source:Araport11)	PADRE protein.	""	""
AT3G51680	locus:2098287	SDR2	short-chain dehydrogenase/reductase 2	1256	Chr3	19173484	19174739	A. thaliana	NAD(P)-binding Rossmann-fold superfamily protein;(source:Araport11)	""	NAD(P)-binding Rossmann-fold superfamily protein	AtSDR2, SDR2
AT3G51830	locus:2074398	SAC8	SAC domain-containing protein 8	5165	Chr3	19220116	19225280	A. thaliana	SAC domain-containing protein 8;(source:Araport11)	putative transmembrane protein G5p (AtG5) mRNA, complete. autophagy-related (ATG) gene	SAC domain-containing protein 8	ATG5, SAC8
AT3G53010	locus:2085241	AT3G53010	""	1637	Chr3	19656488	19658124	A. thaliana	carbohydrate esterase, putative (DUF303);(source:Araport11)	""	Domain of unknown function (DUF303) 	""
AT3G54010	locus:2084435	PAS1	PASTICCINO 1	4460	Chr3	20000821	20005280	A. thaliana	FKBP-type peptidyl-prolyl cis-trans isomerase family protein;(source:Araport11)	Immunophilin-like protein similar to the p59 FK506-binding protein (FKBP52). Shows rotamase activity and contains an FKBP-like domain and three tetratricopeptide repeat units. Members of this class of mutation show ectopic cell proliferation in cotyledons. Gene may be alternatively spliced.  Belongs to one of the 36 carboxylate clamp (CC)-tetratricopeptide repeat (TPR) proteins (Prasad 2010, Pubmed ID: 20856808) with potential to interact with Hsp90/Hsp70 as co-chaperones.	FKBP-type peptidyl-prolyl cis-trans isomerase family protein	DEI1, PAS1
AT3G54130	locus:2080330	AT3G54130	""	1940	Chr3	20042641	20044580	A. thaliana	Josephin family protein;(source:Araport11)	""	Josephin family protein	""
AT3G54450	locus:1006230253	AT3G54450	""	3566	Chr3	20158440	20162005	A. thaliana	Major facilitator superfamily protein;(source:Araport11)	""	Major facilitator superfamily protein	""
AT3G55850	locus:2081998	LAF3	LONG AFTER FAR-RED 3	4292	Chr3	20721602	20725893	A. thaliana	Amidohydrolase family;(source:Araport11)	Encodes a product that might regulate nucleo-cytoplasmic trafficking of an intermediate(s) involved in phyA signal transduction. Differs from isoform 1 only in the first few N-terminal amino acids.	Amidohydrolase family	LAF3, LAF3 ISF1, LAF3 ISF2
AT3G55970	locus:2082058	JRG21	jasmonate-regulated gene 21	2676	Chr3	20766735	20769410	A. thaliana	jasmonate-regulated gene 21;(source:Araport11)	One of 4 paralogs encoding a 2-oxoglutarate/Fe(II)-dependent oxygenases  that hydroxylates JA to 12-OH-JA.	jasmonate-regulated gene 21	ATJRG21, JAO3, JOX3, JRG21
AT3G56060	locus:2078441	AT3G56060	""	3296	Chr3	20803038	20806333	A. thaliana	Glucose-methanol-choline (GMC) oxidoreductase family protein;(source:Araport11)	""	Glucose-methanol-choline (GMC) oxidoreductase family protein	""
AT3G57060	locus:2080620	AT3G57060	""	6363	Chr3	21114798	21121160	A. thaliana	binding protein;(source:Araport11)	""	binding	""
AT4G00416	locus:505006418	MBD3	methyl-CPG-binding domain 3	492	Chr4	179022	179513	A. thaliana	methyl-CPG-binding domain 3;(source:Araport11)	Protein containing methyl-CpG-binding domain.Has sequence similarity to human MBD proteins.	methyl-CPG-binding domain 3	MBD3
AT4G00620	locus:2127113	EMB3127	EMBRYO DEFECTIVE 3127	2303	Chr4	258987	261289	A. thaliana	Amino acid dehydrogenase family protein;(source:Araport11)	""	Amino acid dehydrogenase family protein	EMB3127
AT4G00755	locus:505006420	AT4G00755	""	2084	Chr4	324925	327008	A. thaliana	F-box family protein;(source:Araport11)	""	F-box family protein	""
AT4G00990	locus:2125221	AT4G00990	""	5016	Chr4	426847	431862	A. thaliana	Transcription factor jumonji (jmjC) domain-containing protein;(source:Araport11)	jJumonji-domain-containing H3K9 histone demethylase. Loss of function mutants are susceptible to bacterial infection and early flowering.	Transcription factor jumonji (jmjC) domain-containing protein	AtJMJ17, JMJ27
AT4G01040	locus:2124988	AT4G01040	""	2265	Chr4	453347	455611	A. thaliana	Glycosyl hydrolase superfamily protein;(source:Araport11)	""	Glycosyl hydrolase superfamily protein	""
AT4G01630	locus:2133427	EXPA17	expansin A17	1204	Chr4	700566	701769	A. thaliana	expansin A17;(source:Araport11)	member of Alpha-Expansin Gene Family. Naming convention from the Expansin Working Group (Kende et al, 2004. Plant Mol Bio)	expansin A17	ATEXP17, ATEXPA17, ATHEXP ALPHA 1.13, EXP17, EXPA17
AT4G02195	locus:505006427	SYP42	syntaxin of plants 42	2349	Chr4	969994	972342	A. thaliana	syntaxin of plants 42;(source:Araport11)	Encodes a member of SYP4 Gene Family that is a plant ortholog of the Tlg2/syntaxin16 Qa-SNARE.  Together with SYP43, it regulates the secretory and vacuolar transport pathways in the post-Golgi network and maintains the morphology of the Golgi apparatus and TGN and is required for extracellular resistance responses to a fungal pathogen.	syntaxin of plants 42	ATSYP42, ATTLG2B, SYP42, TLG2B
AT4G03115	locus:504955482	AT4G03115	""	3088	Chr4	1382438	1385525	A. thaliana	Mitochondrial substrate carrier family protein;(source:Araport11)	""	Mitochondrial substrate carrier family protein	""
AT4G04970	locus:2138396	GSL1	glucan synthase-like 1	6349	Chr4	2536925	2543273	A. thaliana	glucan synthase-like 1;(source:Araport11)	encodes a gene similar to callose synthase The mRNA is cell-to-cell mobile.	glucan synthase-like 1	ATGSL01, ATGSL1, GSL01, GSL1
AT4G05200	locus:2115728	CRK25	cysteine-rich RLK (RECEPTOR-like protein kinase) 25	2662	Chr4	2679723	2682384	A. thaliana	cysteine-rich RLK (RECEPTOR-like protein kinase) 25;(source:Araport11)	Encodes a cysteine-rich receptor-like protein kinase.	cysteine-rich RLK (RECEPTOR-like protein kinase) 25	CRK25
AT4G08170	locus:2132487	AT4G08170	""	3973	Chr4	5163220	5167192	A. thaliana	Inositol 1,3,4-trisphosphate 5/6-kinase family protein;(source:Araport11)	""	Inositol 1,3,4-trisphosphate 5/6-kinase family protein	AtTPK3, ITPK3
AT4G08850	locus:2138268	AT4G08850	""	4474	Chr4	5636479	5640952	A. thaliana	Leucine-rich repeat receptor-like protein kinase family protein;(source:Araport11)	MIK1 encodes a receptor kinase that forms a complex with MDIS1/MIK2 and binds LURE1, the female pollen guidance chemi-attractant. MIK1 phosphorylates MDIS1 and is autophosphorylated.	Leucine-rich repeat receptor-like protein kinase family protein	MIK2
AT4G10310	locus:2122749	HKT1	high-affinity K  transporter 1	4069	Chr4	6391854	6395922	A. thaliana	high-affinity K+ transporter 1;(source:Araport11)	encodes a sodium transporter (HKT1) expressed in xylem parenchyma cells. Mutants over-accumulate sodium in shoot tissue and have increased sodium in the xylem sap and reduced sodium in phloem sap and roots.	high-affinity K+ transporter 1	ATHKT1, HKT1, HKT1;1
AT4G10540	locus:2127666	AT4G10540	""	3229	Chr4	6512515	6515743	A. thaliana	Subtilase family protein;(source:Araport11)	Proteolytic enzyme of that phytaspase family which at pH 5.5 is strictly Asp-specific. Strongly preferred cleavage motifs are YVAD and IETD.	Subtilase family protein	SBT3.8
AT4G10770	locus:2132736	OPT7	oligopeptide transporter 7	4279	Chr4	6628398	6632676	A. thaliana	oligopeptide transporter 7;(source:Araport11)	oligopeptide transporter	oligopeptide transporter 7	ATOPT7, OPT7
AT4G13300	locus:2142065	TPS13	terpenoid synthase 13	3524	Chr4	7742871	7746394	A. thaliana	terpenoid synthase 13;(source:Araport11)	Catalyzes the conversion of farnesyl diphosphate to (Z)-gamma-bisabolene and the additional minor products E-nerolidol and alpha-bisabolol. Expressed in cortex and sub-epidermal layers of roots, leaf hydathodes and flower stigmata. Induced by wounding.	terpenoid synthase 13	ATTPS13, TPS13
AT4G13420	locus:2142110	HAK5	high affinity K  transporter 5	5470	Chr4	7796782	7802251	A. thaliana	high affinity K+ transporter 5;(source:Araport11)	Encodes a protein of the KUP/HAK/KT potassium channel class that is upregulated in the roots by K levels.	high affinity K+ transporter 5	ATHAK5, HAK5
AT4G13650	locus:2119440	AT4G13650	""	3977	Chr4	7938967	7942943	A. thaliana	Pentatricopeptide repeat (PPR) superfamily protein;(source:Araport11)	""	Pentatricopeptide repeat (PPR) superfamily protein	""
AT4G16720	locus:2129081	AT4G16720	""	1544	Chr4	9399865	9401408	A. thaliana	Ribosomal protein L23/L15e family protein;(source:Araport11)	""	Ribosomal protein L23/L15e family protein	""
AT4G31470	locus:2125244	AT4G31470	""	969	Chr4	15261444	15262412	A. thaliana	CAP (Cysteine-rich secretory proteins, Antigen 5, and Pathogenesis-related 1 protein) superfamily protein;(source:Araport11)	""	CAP (Cysteine-rich secretory proteins, Antigen 5, and Pathogenesis-related 1 protein) superfamily protein	""
AT4G39070	locus:2120207	BZS1	BZS1	2054	Chr4	18204631	18206684	A. thaliana	B-box zinc finger family protein;(source:Araport11)	Encodes BZS1, a brassinosteroids-regulated BZR1 target (BRBT) gene. BZS1 is a putative zinc finger transcription factor. Expression of BZS1 was increased under BR-deficient condition and repressed by BR. Transgenic Arabidopsis plants overexpressing BZS1 showed a hypersensitivity to the BR biosynthetic inhibitor brassinazole (BRZ). In contrast, transgenic plants expressing reduced level of BZS1 had longer hypocotyls than wild type when grown on BRZ.	B-box zinc finger family protein	BBX20, BZS1, STH7
AT5G01310	locus:2179122	APTX	APRATAXIN-like	2947	Chr5	126204	129150	A. thaliana	APRATAXIN-like protein;(source:Araport11)	Encodes a protein that has adenylylsulfate sulfohydrolase activity (E.C. 3.6.2.1) in vitro.	APRATAXIN-like	APTX
AT5G02250	locus:2180172	EMB2730	EMBRYO DEFECTIVE 2730	4920	Chr5	454777	459696	A. thaliana	Ribonuclease II/R family protein;(source:Araport11)	Encodes a exoribonuclease involved in rRNA processing in mitochondria and chloroplasts.Loss of function mutations are pale green and require supplementation with sucrose for germination and early development. Plants are pale green due to defects in chloroplast biogenesis.	Ribonuclease II/R family protein	ATMTRNASEII, EMB2730, RNR1
AT5G02810	locus:2151206	PRR7	pseudo-response regulator 7	4350	Chr5	637681	642030	A. thaliana	pseudo-response regulator 7;(source:Araport11)	PRR7 and PRR9 are partially redundant essential components of a temperature-sensitive circadian system. CCA1 and LHY had a positive effect on PRR7 expression levels. Acts as transcriptional repressor of CCA1 and LHY.  Acts additively with EC, PRR5 and PRR9 to regulate hypocotyl growth under photoperiodic conditions.	pseudo-response regulator 7	APRR7, PRR7
AT5G03080	locus:2143433	LPPgamma	lipid phosphate phosphatase gamma	1623	Chr5	721778	723400	A. thaliana	Phosphatidic acid phosphatase (PAP2) family protein;(source:Araport11)	Encodes a phosphatidic acid phosphatase that can be detected in chloroplast membrane fractions. This gene, LPPgamma appears to be more important for diacylglycerol formation than LPPepsilon1 and LPPepsilon2 in the plastids. Heterozygous lppgamma mutants produce pollen that have defects in pollen tube germination and no homozygous mutants have been recovered. The mRNA is cell-to-cell mobile.	Phosphatidic acid phosphatase (PAP2) family protein	LPPgamma
AT5G03170	locus:2143443	FLA11	FASCICLIN-like arabinogalactan-protein 11	908	Chr5	752750	753657	A. thaliana	FASCICLIN-like arabinogalactan-protein 11;(source:Araport11)	Encodes FLA11, a member of fasciclin-like arabinogalactan proteins (FLAs) containing a cell adhesion fasciclin (FAS) domain. Mutations result in altered stem biomechanics with reduced tensile strength and reduced tensile modulus of elasticity, as well as altered cell wall architecture and composition, with increased cellulose microfibril angle, reduced arabinose, galactose and cellulose content.	FASCICLIN-like arabinogalactan-protein 11	ATFLA11, FLA11
AT5G03330	locus:2142659	AT5G03330	""	3438	Chr5	806964	810401	A. thaliana	Cysteine proteinases superfamily protein;(source:Araport11)	""	Cysteine proteinases superfamily protein	""
AT5G04830	locus:2175463	AT5G04830	""	2154	Chr5	1401983	1404136	A. thaliana	Nuclear transport factor 2 (NTF2) family protein;(source:Araport11)	""	Nuclear transport factor 2 (NTF2) family protein	""
AT5G04910	locus:2175264	AT5G04910	""	1416	Chr5	1437563	1438978	A. thaliana	DNA repair REX1-B protein;(source:Araport11)	""	""	""
AT5G04980	locus:2175344	AT5G04980	""	2845	Chr5	1468227	1471071	A. thaliana	DNAse I-like superfamily protein;(source:Araport11)	""	DNAse I-like superfamily protein	""
AT5G05330	locus:2153514	AT5G05330	""	1787	Chr5	1576982	1578768	A. thaliana	HMG-box (high mobility group) DNA-binding family protein;(source:Araport11)	Encodes a protein with a putative HMG-box domain.  The high-mobility group (HMG) proteins are chromatin-associated proteins that act as architectural factors in various nucleoprotein structures, which regulate DNA-dependent processes such as transcription and recombination.  Expression of this gene was not detected according to Grasser et al. (J. Mol. Biol. 2006:358, 654-664).	HMG-box (high mobility group) DNA-binding family protein	""
AT5G05340	locus:2153529	PRX52	peroxidase 52	2007	Chr5	1578869	1580875	A. thaliana	Peroxidase superfamily protein;(source:Araport11)	Encodes a protein with sequence similarity to peroxidases that is involved in lignin biosynthesis. Loss of function mutations show abnormal development of xylem fibers and reduced levels of lignin biosynthetic enxymes.	Peroxidase superfamily protein	PRX52
AT5G05570	locus:2169672	AT5G05570	""	7449	Chr5	1656481	1663929	A. thaliana	transducin family protein / WD-40 repeat family protein;(source:Araport11)	""	transducin family protein / WD-40 repeat family protein	TMS
AT5G06030	locus:2153694	AT5G06030	""	453	Chr5	1813919	1814371	A. thaliana	Plant self-incompatibility protein S1 family;(source:Araport11)	""	Plant self-incompatibility protein S1 family	""
AT5G06740	locus:2170224	AT5G06740	""	2255	Chr5	2083964	2086218	A. thaliana	Concanavalin A-like lectin protein kinase family protein;(source:Araport11)	""	Concanavalin A-like lectin protein kinase family protein	LecRK-S.5
AT5G06800	locus:2170199	AT5G06800	""	2890	Chr5	2103115	2106004	A. thaliana	myb-like HTH transcriptional regulator family protein;(source:Araport11)	""	myb-like HTH transcriptional regulator family protein	""
AT5G07610	locus:2160334	AT5G07610	""	1263	Chr5	2406068	2407330	A. thaliana	F-box family protein;(source:Araport11)	""	F-box family protein	""
AT5G07810	locus:2142753	AT5G07810	""	7343	Chr5	2491200	2498542	A. thaliana	SNF2 domain-containing protein / helicase domain-containing protein / HNH endonuclease domain-containing protein;(source:Araport11)	""	SNF2 domain-containing protein / helicase domain-containing protein / HNH endonuclease domain-containing protein	""
AT5G08500	locus:2159592	AT5G08500	""	3756	Chr5	2748133	2751888	A. thaliana	Transmembrane CLPTM1 family protein;(source:Araport11)	""	Transmembrane CLPTM1 family protein	""
AT5G09860	locus:2178183	THO1	""	4428	Chr5	3066562	3070989	A. thaliana	nuclear matrix protein-like protein;(source:Araport11)	Encodes a component of the putative Arabidopsis THO/TREX complex: THO1 or HPR1 (At5g09860), THO2 (At1g24706), THO3 or TEX1 (At5g56130), THO5 (At5g42920, At1g45233), THO6 (At2g19430), and THO7 (At5g16790, At3g02950). THO/TREX complexes in animals have been implicated in the transport of mRNA precursors.  Mutants of THO3/TEX1, THO1, THO6 accumulate reduced amount of small interfering (si)RNA, suggesting a role of the putative Arabidopsis THO/TREX in siRNA biosynthesis. One of the pathways affected by THO1 is the miRNA399-PHO2 pathway that regulates root APase activity.	nuclear matrix protein-related	AtHPR1, AtTHO1, HPR1, THO1
AT5G10530	locus:2142499	AT5G10530	""	3045	Chr5	3324824	3327868	A. thaliana	Concanavalin A-like lectin protein kinase family protein;(source:Araport11)	""	Concanavalin A-like lectin protein kinase family protein	LecRK-IX.1
AT5G10620	locus:2142479	AT5G10620	""	1681	Chr5	3355006	3356686	A. thaliana	methyltransferase;(source:Araport11)	""	methyltransferases	""
AT5G11010	locus:2183830	AT5G11010	""	2636	Chr5	3483632	3486267	A. thaliana	Pre-mRNA cleavage complex II protein family;(source:Araport11)	Nuclear-localizing protein.	Pre-mRNA cleavage complex II protein family	GRC3
AT5G11470	locus:2144256	AT5G11470	""	5581	Chr5	3662634	3668214	A. thaliana	bromo-adjacent homology (BAH) domain-containing protein;(source:Araport11)	SG1 is a Bromo-Adjacent Homology (BAH) domain containing protein involved in CHG methylation within genebodies. Loss of function results in pleiotrophic developmental effects that increase after 4 generations.	bromo-adjacent homology (BAH) domain-containing protein	ASI1, IBM2, SG1
AT5G11760	locus:2181875	AT5G11760	""	1315	Chr5	3789259	3790573	A. thaliana	stress response protein;(source:Araport11)	""	""	""
AT5G11800	locus:2181910	KEA6	K  efflux antiporter 6	4959	Chr5	3803315	3808273	A. thaliana	K+ efflux antiporter 6;(source:Araport11)	member of Putative potassium proton antiporter family	K+ efflux antiporter 6	ATKEA6, KEA6
AT5G12010	locus:2143104	AT5G12010	""	1978	Chr5	3877680	3879657	A. thaliana	nuclease;(source:Araport11)	""	""	""
AT5G12190	locus:2177033	AT5G12190	""	956	Chr5	3940481	3941436	A. thaliana	RNA-binding (RRM/RBD/RNP motifs) family protein;(source:Araport11)	""	RNA-binding (RRM/RBD/RNP motifs) family protein	""
AT5G12920	locus:2182330	AT5G12920	""	5177	Chr5	4077458	4082634	A. thaliana	Transducin/WD40 repeat-like superfamily protein;(source:Araport11)	""	Transducin/WD40 repeat-like superfamily protein	""
AT5G13270	locus:2183886	RARE1	REQUIRED FOR ACCD RNA EDITING 1	2354	Chr5	4246954	4249307	A. thaliana	Pentatricopeptide repeat (PPR) superfamily protein;(source:Araport11)	Encodes RARE1 (Required for accD RNA Editing 1), a trans-factor essential for C-to-U editing of the chloroplast accD transcript. RARE1 carries 15 PPR (pentatricopeptide repeat) motifs, an E/E+ and a DYW domain (C-terminal tripeptide).	Pentatricopeptide repeat (PPR) superfamily protein	RARE1
AT5G13960	locus:2159133	SUVH4	SU(VAR)3-9 homolog 4	4889	Chr5	4501362	4506250	A. thaliana	histone-lysine N-methyltransferase, H3 lysine-9 specific SUVH4-like protein;(source:Araport11)	Encodes a histone 3 lysine 9 specific methyltransferase involved in the maintenance of DNA methylation. SUVH4/KYP is a SU(VAR)3-9 homolog, a SET domain protein. Known SET domain proteins are involved in epigenetic control of gene expression. There are 10 SUVH genes in Arabidopsis and members of this subfamily of the SET proteins have an additional conserved SRA domain. In kyp mutants, there is a loss of CpNpG methylation. The protein was shown to bind to methylated cytosines of CG, CNG and CNN motifs via its SRA domain but has a preference for the latter two. There is also evidence that KYP/SUVH4 might be involved in the telomerase-independent process known as Alternative Lengthening of Telomeres.	SU(VAR)3-9 homolog 4	KYP, SDG33, SUVH4
AT5G13980	locus:2159143	AT5G13980	""	6261	Chr5	4508406	4514666	A. thaliana	Glycosyl hydrolase family 38 protein;(source:Araport11)	""	Glycosyl hydrolase family 38 protein	""
AT5G14285	""	AT5G14285	""	1092	Chr5	4610567	4611658	A. thaliana	DNA-binding storekeeper;(source:Araport11)	""	""	""
AT5G15380	locus:2150991	DRM1	domains rearranged methylase 1	3578	Chr5	4991347	4994924	A. thaliana	domains rearranged methylase 1;(source:Araport11)	Encodes methyltransferase involved in the de novo DNA methylation and maintenance of asymmetric methylation of DNA sequences.	domains rearranged methylase 1	DRM1
AT5G15440	locus:2180907	EDL1	EID1-like 1	2221	Chr5	5012061	5014281	A. thaliana	EID1-like 1;(source:Araport11)	""	EID1-like 1	EDL1
AT5G16840	locus:2148970	BPA1	binding partner of acd11 1	2406	Chr5	5535845	5538250	A. thaliana	binding partner of acd11 1;(source:Araport11)	Binds to ACD11 and fungal elicitor RxLR207. Regulates ROS mediated defense response.	binding partner of acd11 1	BPA1
AT5G17610	locus:2151426	AT5G17610	""	1698	Chr5	5803892	5805589	A. thaliana	hypothetical protein;(source:Araport11)	""	""	""
AT5G17880	locus:2170333	CSA1	constitutive shade-avoidance1	4484	Chr5	5908834	5913317	A. thaliana	disease resistance protein (TIR-NBS-LRR class);(source:Araport11)	Encodes a TIR-NBS-LRR protein CSA1 that functions in photomorphogenic development.  csa1 mutants display a constitutive shade-avoidance (CSA) phenotype (long stem) under high red:far-red rations (i.e. in the absence of a shade signal).  csa1 mutation can be complemented by RPS4, a TIR-NBS-LRR protein that confers resistance against bacterium Pseudomonas syringae.	disease resistance protein (TIR-NBS-LRR class)	CSA1
AT5G18410	locus:2146193	PIR121	PIROGI 121	8160	Chr5	6096945	6105104	A. thaliana	transcription activator;(source:Araport11)	distorted trichomes and exhibits a diffuse actin cytoskeleton	transcription activators	ATSRA1, KLK, LPL2, PIR, PIR121, PIRP, SRA1
AT5G19410	locus:2150290	ABCG23	ATP-binding cassette G23	2055	Chr5	6545123	6547177	A. thaliana	ABC-2 type transporter family protein;(source:Araport11)	""	ABC-2 type transporter family protein	ABCG23
AT5G19440	locus:2150315	AT5G19440	""	2026	Chr5	6556348	6558373	A. thaliana	NAD(P)-binding Rossmann-fold superfamily protein;(source:Araport11)	similar to Eucalyptus gunnii alcohol dehydrogenase of unknown physiological function (GI:1143445), apple tree, PIR:T16995; NOT a cinnamyl-alcohol dehydrogenase	NAD(P)-binding Rossmann-fold superfamily protein	""
AT5G19610	locus:2183159	GNL2	GNOM-like 2	4440	Chr5	6617665	6622104	A. thaliana	GNOM-like 2;(source:Araport11)	""	GNOM-like 2	GNL2
AT5G19850	locus:2832896	AT5G19850	""	1990	Chr5	6709734	6711723	A. thaliana	alpha/beta-Hydrolases superfamily protein;(source:Araport11)	""	alpha/beta-Hydrolases superfamily protein	""
AT5G20220	locus:2149234	AT5G20220	""	4101	Chr5	6821881	6825981	A. thaliana	zinc knuckle (CCHC-type) family protein;(source:Araport11)	""	zinc knuckle (CCHC-type) family protein	""
AT5G20250	locus:2149284	DIN10	DARK INDUCIBLE 10	3299	Chr5	6833564	6836862	A. thaliana	Raffinose synthase family protein;(source:Araport11)	encodes a member of glycosyl hydrolase family 36. Expression is induced within 3 hours of dark treatment, in senescing leaves and treatment with exogenous photosynthesis inhibitor. Induction of gene expression was suppressed in excised leaves supplied with sugar. The authors suggest that the gene's expression pattern is responding to the level of sugar in the cell. The mRNA is cell-to-cell mobile.	Raffinose synthase family protein	DIN10, RS6
AT5G20850	locus:2147092	RAD51	RAS associated with diabetes protein 51	2478	Chr5	7070491	7072968	A. thaliana	RAS associated with diabetes protein 51;(source:Araport11)	Encodes a homolog of yeast RAD51.  Its mRNA is most abundant in early flower buds and is expressed at high levels in exponentially growing cells in suspension cultures and is induced in response to gamma radiation. Also involved in defense gene transcription during plant immune responses.	RAS associated with diabetes protein 51	ATRAD51, RAD51
AT5G20890	locus:2147132	AT5G20890	""	3517	Chr5	7086653	7090169	A. thaliana	TCP-1/cpn60 chaperonin family protein;(source:Araport11)	""	TCP-1/cpn60 chaperonin family protein	CCT2
AT5G22800	locus:504954871	EMB1030	EMBRYO DEFECTIVE 1030	4532	Chr5	7615747	7620278	A. thaliana	Alanyl-tRNA synthetase, class IIc;(source:Araport11)	A locus involved in embryogenesis. Mutations in this locus result in embryo lethality.	Alanyl-tRNA synthetase, class IIc	EMB1030, EMB263, EMB86
AT5G22860	locus:2172671	AT5G22860	""	4095	Chr5	7639076	7643170	A. thaliana	Serine carboxypeptidase S28 family protein;(source:Araport11)	""	Serine carboxypeptidase S28 family protein	""
AT5G23150	locus:2178292	HUA2	ENHANCER OF AG-4 2	7249	Chr5	7785743	7792991	A. thaliana	Tudor/PWWP/MBT domain-containing protein;(source:Araport11)	Putative transcription factor. Member of the floral homeotic AGAMOUS pathway.Mutations in HUA enhance the phenotype of mild ag-4 allele. Single hua mutants are early flowering and have  reduced levels of FLC mRNA. Other MADS box flowering time genes such as FLM and MAF2 also appear to be regulated by HUA2. HUA2 normally activates FLC expression and enhances  AG function. HUA and HUA-LIKE (HULK) genes act redundantly to regulate a subset of essential genes, with some (or all) family members also having specific functions. The mRNA is cell-to-cell mobile.	Tudor/PWWP/MBT domain-containing protein	ART1, HUA2
AT5G24000	locus:2178697	AT5G24000	""	2591	Chr5	8110185	8112775	A. thaliana	keratin-associated protein (DUF819);(source:Araport11)	""	Protein of unknown function (DUF819)	""
AT5G24270	locus:2169794	SOS3	SALT OVERLY SENSITIVE 3	5016	Chr5	8238428	8243443	A. thaliana	Calcium-binding EF-hand family protein;(source:Araport11)	encodes a calcium sensor that is essential for K+ nutrition, K+/Na+ selectivity, and salt tolerance. The protein is similar to calcineurin B.  Lines carrying recessive mutations are hypersensitive to Na+ and Li+ stresses and is unable to grow in low K+. The growth defect is rescued by extracellular calcium.	Calcium-binding EF-hand family protein	ATSOS3, CBL4, SOS3
AT5G24280	locus:2169799	GMI1	GAMMA-IRRADIATION AND MITOMYCIN C INDUCED 1	11384	Chr5	8251220	8262603	A. thaliana	gamma-irradiation and mitomycin c induced 1;(source:Araport11)	Encodes GMI1, a structural-maintenance-of-chromosomes-hinge domain-containing protein.  Involved in somatic homologous recombination.	gamma-irradiation and mitomycin c induced 1	GMI1
AT5G24840	locus:2149443	AT5G24840	""	1257	Chr5	8533787	8535043	A. thaliana	tRNA (guanine-N-7) methyltransferase;(source:Araport11)	""	tRNA (guanine-N-7) methyltransferase	AtTRM8a, TRM8a
AT5G24970	locus:2149393	AT5G24970	""	4596	Chr5	8604288	8608883	A. thaliana	Protein kinase superfamily protein;(source:Araport11)	""	Protein kinase superfamily protein	""
AT5G25030	locus:2179265	AT5G25030	""	909	Chr5	8620083	8620991	A. thaliana	ATP-binding protein (DUF2431);(source:Araport11)	""	Domain of unknown function (DUF2431)	""
AT5G25150	locus:2179300	TAF5	TBP-associated factor 5	5296	Chr5	8677049	8682344	A. thaliana	TBP-associated factor 5;(source:Araport11)	Encodes a putative TATA-binding-protein associated factor TAF5.  TAFs are subunits of the general transcription factor IID (TFIID).	TBP-associated factor 5	TAF5
AT5G25330	locus:2145492	AT5G25330	""	1301	Chr5	8791513	8792813	A. thaliana	Core-2/I-branching beta-1,6-N-acetylglucosaminyltransferase family protein;(source:Araport11)	""	Core-2/I-branching beta-1,6-N-acetylglucosaminyltransferase family protein	""
AT5G26749	locus:5019474859	AT5G26749	""	1253	Chr5	9398015	9399267	A. thaliana	C2H2 and C2HC zinc fingers superfamily protein;(source:Araport11)	""	C2H2 and C2HC zinc fingers superfamily protein	""
ATCG00020	locus:504954626	PSBA	photosystem II reaction center protein A	1062	ChrC	383	1444	A. thaliana	photosystem II reaction center protein A;(source:Araport11)	Encodes chlorophyll binding protein D1, a part of the photosystem II reaction center core	photosystem II reaction center protein A	PSBA
ATCG00540	locus:504954677	PETA	photosynthetic electron transfer A	963	ChrC	61657	62619	A. thaliana	photosynthetic electron transfer A;(source:Araport11)	Encodes cytochrome f apoprotein; involved in photosynthetic electron transport chain; encoded by the chloroplast genome and is transcriptionally repressed by a nuclear gene HCF2.	photosynthetic electron transfer A	PETA
